time_s,fused_yaw
0,0
0.005,0
0.01,0
0.015,0
0.02,0
0.025,0
0.03,0
0.035,0
0.04,0
0.045,0
0.05,0
0.055,0
0.06,0
0.065,0
0.07,0
0.075,0
0.08,0
0.085,0
0.09,0
0.095,0
0.1,0
0.105,0
0.11,0
0.115,0
0.12,0
0.125,0
0.13,0
0.135,0
0.14,0
0.145,0
0.15,0
0.155,0
0.16,0
0.165,0
0.17,0
0.175,0
0.18,0
0.185,0
0.19,0
0.195,0
0.2,0
0.205,0
0.21,0
0.215,0
0.22,0
0.225,0
0.23,0
0.235,0
0.24,0
0.245,0
0.25,0
0.255,0
0.26,0
0.265,0
0.27,0
0.275,0
0.28,0
0.285,0
0.29,0
0.295,0
0.3,0
0.305,0
0.31,0
0.315,0
0.32,0
0.325,0
0.33,0
0.335,0
0.34,0
0.345,0
0.35,0
0.355,0
0.36,0
0.365,0
0.37,0
0.375,0
0.38,0
0.385,0
0.39,0
0.395,0
0.4,0
0.405,0
0.41,0
0.415,0
0.42,0
0.425,0
0.43,0
0.435,0
0.44,0
0.445,0
0.45,0
0.455,0
0.46,0
0.465,0
0.47,0
0.475,0
0.48,0
0.485,0
0.49,0
0.495,0
0.5,0
0.505,0
0.51,0
0.515,0
0.52,0
0.525,0
0.53,0
0.535,0
0.54,0
0.545,0
0.55,0
0.555,0
0.56,0
0.565,0
0.57,0
0.575,0
0.58,0
0.585,0
0.59,0
0.595,0
0.6,0
0.605,0
0.61,0
0.615,0
0.62,0
0.625,0
0.63,0
0.635,0
0.64,0
0.645,0
0.65,0
0.655,0
0.66,0
0.665,0
0.67,0
0.675,0
0.68,0
0.685,0
0.69,0
0.695,0
0.7,0
0.705,0
0.71,0
0.715,0
0.72,0
0.725,0
0.73,0
0.735,0
0.74,0
0.745,0
0.75,0
0.755,0
0.76,0
0.765,0
0.77,0
0.775,0
0.78,0
0.785,0
0.79,0
0.795,0
0.8,0
0.805,0
0.81,0
0.815,0
0.82,0
0.825,0
0.83,0
0.835,0
0.84,0
0.845,0
0.85,0
0.855,0
0.86,0
0.865,0
0.87,0
0.875,0
0.88,0
0.885,0
0.89,0
0.895,0
0.9,0
0.905,0
0.91,0
0.915,0
0.92,0
0.925,0
0.93,0
0.935,0
0.94,0
0.945,0
0.95,0
0.955,0
0.96,0
0.965,0
0.97,0
0.975,0
0.98,0
0.985,0
0.99,0
0.995,0
1,0
1.005,0
1.01,0
1.015,0
1.02,0
1.025,0
1.03,0
1.035,0
1.04,0
1.045,0
1.05,0
1.055,0
1.06,0
1.065,0
1.07,0
1.075,0
1.08,0
1.085,0
1.09,0
1.095,0
1.1,0
1.105,0
1.11,0
1.115,0
1.12,0
1.125,0
1.13,0
1.135,0
1.14,0
1.145,0
1.15,0
1.155,0
1.16,0
1.165,0
1.17,0
1.175,0
1.18,0
1.185,0
1.19,0
1.195,0
1.2,0
1.205,0
1.21,0
1.215,0
1.22,0
1.225,0
1.23,0
1.235,0
1.24,0
1.245,0
1.25,0
1.255,0
1.26,0
1.265,0
1.27,0
1.275,0
1.28,0
1.285,0
1.29,0
1.295,0
1.3,0
1.305,0
1.31,0
1.315,0
1.32,0
1.325,0
1.33,0
1.335,0
1.34,0
1.345,0
1.35,0
1.355,0
1.36,0
1.365,0
1.37,0
1.375,0
1.38,0
1.385,0
1.39,0
1.395,0
1.4,0
1.405,0
1.41,0
1.415,0
1.42,0
1.425,0
1.43,0
1.435,0
1.44,0
1.445,0
1.45,0
1.455,0
1.46,0
1.465,0
1.47,0
1.475,0
1.48,0
1.485,0
1.49,0
1.495,0
1.5,0
1.505,0
1.51,0
1.515,0
1.52,0
1.525,0
1.53,0
1.535,0
1.54,0
1.545,0
1.55,0
1.555,0
1.56,0
1.565,0
1.57,0
1.575,0
1.58,0
1.585,0
1.59,0
1.595,0
1.6,0
1.605,0
1.61,0
1.615,0
1.62,0
1.625,0
1.63,0
1.635,0
1.64,0
1.645,0
1.65,0
1.655,0
1.66,0
1.665,0
1.67,0
1.675,0
1.68,0
1.685,0
1.69,0
1.695,0
1.7,0
1.705,0
1.71,0
1.715,0
1.72,0
1.725,0
1.73,0
1.735,0
1.74,0
1.745,0
1.75,0
1.755,0
1.76,0
1.765,0
1.77,0
1.775,0
1.78,0
1.785,0
1.79,0
1.795,0
1.8,0
1.805,0
1.81,0
1.815,0
1.82,0
1.825,0
1.83,0
1.835,0
1.84,0
1.845,0
1.85,0
1.855,0
1.86,0
1.865,0
1.87,0
1.875,0
1.88,0
1.885,0
1.89,0
1.895,0
1.9,0
1.905,0
1.91,0
1.915,0
1.92,0
1.925,0
1.93,0
1.935,0
1.94,0
1.945,0
1.95,0
1.955,0
1.96,0
1.965,0
1.97,0
1.975,0
1.98,0
1.985,0
1.99,0
1.995,0
2,0
2.005,0
2.01,0
2.015,0
2.02,0
2.025,0
2.03,0
2.035,0
2.04,0
2.045,0
2.05,0
2.055,0
2.06,0
2.065,0
2.07,0
2.075,0
2.08,0
2.085,0
2.09,0
2.095,0
2.1,0
2.105,0
2.11,0
2.115,0
2.12,0
2.125,0
2.13,0
2.135,0
2.14,0
2.145,0
2.15,0
2.155,0
2.16,0
2.165,0
2.17,0
2.175,0
2.18,0
2.185,0
2.19,0
2.195,0
2.2,0
2.205,0
2.21,0
2.215,0
2.22,0
2.225,0
2.23,0
2.235,0
2.24,0
2.245,0
2.25,0
2.255,0
2.26,0
2.265,0
2.27,0
2.275,0
2.28,0
2.285,0
2.29,0
2.295,0
2.3,0
2.305,0
2.31,0
2.315,0
2.32,0
2.325,0
2.33,0
2.335,0
2.34,0
2.345,0
2.35,0
2.355,0
2.36,0
2.365,0
2.37,0
2.375,0
2.38,0
2.385,0
2.39,0
2.395,0
2.4,0
2.405,0
2.41,0
2.415,0
2.42,0
2.425,0
2.43,0
2.435,0
2.44,0
2.445,0
2.45,0
2.455,0
2.46,0
2.465,0
2.47,0
2.475,0
2.48,0
2.485,0
2.49,0
2.495,0
2.5,0
2.505,0
2.51,0
2.515,0
2.52,0
2.525,0
2.53,0
2.535,0
2.54,0
2.545,0
2.55,0
2.555,0
2.56,0
2.565,0
2.57,0
2.575,0
2.58,0
2.585,0
2.59,0
2.595,0
2.6,0
2.605,0
2.61,0
2.615,0
2.62,0
2.625,0
2.63,0
2.635,0
2.64,0
2.645,0
2.65,0
2.655,0
2.66,0
2.665,0
2.67,0
2.675,0
2.68,0
2.685,0
2.69,0
2.695,0
2.7,0
2.705,0
2.71,0
2.715,0
2.72,0
2.725,0
2.73,0
2.735,0
2.74,0
2.745,0
2.75,0
2.755,0
2.76,0
2.765,0
2.77,0
2.775,0
2.78,0
2.785,0
2.79,0
2.795,0
2.8,0
2.805,0
2.81,0
2.815,0
2.82,0
2.825,0
2.83,0
2.835,0
2.84,0
2.845,0
2.85,0
2.855,0
2.86,0
2.865,0
2.87,0
2.875,0
2.88,0
2.885,0
2.89,0
2.895,0
2.9,0
2.905,0
2.91,0
2.915,0
2.92,0
2.925,0
2.93,0
2.935,0
2.94,0
2.945,0
2.95,0
2.955,0
2.96,0
2.965,0
2.97,0
2.975,0
2.98,0
2.985,0
2.99,0
2.995,0
3,0
3.005,0
3.01,0
3.015,0
3.02,0
3.025,0
3.03,0
3.035,0
3.04,0
3.045,0
3.05,0
3.055,0
3.06,0
3.065,0
3.07,0
3.075,0
3.08,0
3.085,0
3.09,0
3.095,0
3.1,0
3.105,0
3.11,0
3.115,0
3.12,0
3.125,0
3.13,0
3.135,0
3.14,0
3.145,0
3.15,0
3.155,0
3.16,0
3.165,0
3.17,0
3.175,0
3.18,0
3.185,0
3.19,0
3.195,0
3.2,0
3.205,0
3.21,0
3.215,0
3.22,0
3.225,0
3.23,0
3.235,0
3.24,0
3.245,0
3.25,0
3.255,0
3.26,0
3.265,0
3.27,0
3.275,0
3.28,0
3.285,0
3.29,0
3.295,0
3.3,0
3.305,0
3.31,0
3.315,0
3.32,0
3.325,0
3.33,0
3.335,0
3.34,0
3.345,0
3.35,0
3.355,0
3.36,0
3.365,0
3.37,0
3.375,0
3.38,0
3.385,0
3.39,0
3.395,0
3.4,0
3.405,0
3.41,0
3.415,0
3.42,0
3.425,0
3.43,0
3.435,0
3.44,0
3.445,0
3.45,0
3.455,0
3.46,0
3.465,0
3.47,0
3.475,0
3.48,0
3.485,0
3.49,0
3.495,0
3.5,0
3.505,0
3.51,0
3.515,0
3.52,0
3.525,0
3.53,0
3.535,0
3.54,0
3.545,0
3.55,0
3.555,0
3.56,0
3.565,0
3.57,0
3.575,0
3.58,0
3.585,0
3.59,0
3.595,0
3.6,0
3.605,0
3.61,0
3.615,0
3.62,0
3.625,0
3.63,0
3.635,0
3.64,0
3.645,0
3.65,0
3.655,0
3.66,0
3.665,0
3.67,0
3.675,0
3.68,0
3.685,0
3.69,0
3.695,0
3.7,0
3.705,0
3.71,0
3.715,0
3.72,0
3.725,0
3.73,0
3.735,0
3.74,0
3.745,0
3.75,0
3.755,0
3.76,0
3.765,0
3.77,0
3.775,0
3.78,0
3.785,0
3.79,0
3.795,0
3.8,0
3.805,0
3.81,0
3.815,0
3.82,0
3.825,0
3.83,0
3.835,0
3.84,0
3.845,0
3.85,0
3.855,0
3.86,0
3.865,0
3.87,0
3.875,0
3.88,0
3.885,0
3.89,0
3.895,0
3.9,0
3.905,0
3.91,0
3.915,0
3.92,0
3.925,0
3.93,0
3.935,0
3.94,0
3.945,0
3.95,0
3.955,0
3.96,0
3.965,0
3.97,0
3.975,0
3.98,0
3.985,0
3.99,0
3.995,0
4,0
4.005,0
4.01,0
4.015,0
4.02,0
4.025,0
4.03,0
4.035,0
4.04,0
4.045,0
4.05,0
4.055,0
4.06,0
4.065,0
4.07,0
4.075,0
4.08,0
4.085,0
4.09,0
4.095,0
4.1,0
4.105,0
4.11,0
4.115,0
4.12,0
4.125,0
4.13,0
4.135,0
4.14,0
4.145,0
4.15,0
4.155,0
4.16,0
4.165,0
4.17,0
4.175,0
4.18,0
4.185,0
4.19,0
4.195,0
4.2,0
4.205,0
4.21,0
4.215,0
4.22,0
4.225,0
4.23,0
4.235,0
4.24,0
4.245,0
4.25,0
4.255,0
4.26,0
4.265,0
4.27,0
4.275,0
4.28,0
4.285,0
4.29,0
4.295,0
4.3,0
4.305,0
4.31,0
4.315,0
4.32,0
4.325,0
4.33,0
4.335,0
4.34,0
4.345,0
4.35,0
4.355,0
4.36,0
4.365,0
4.37,0
4.375,0
4.38,0
4.385,0
4.39,0
4.395,0
4.4,0
4.405,0
4.41,0
4.415,0
4.42,0
4.425,0
4.43,0
4.435,0
4.44,0
4.445,0
4.45,0
4.455,0
4.46,0
4.465,0
4.47,0
4.475,0
4.48,0
4.485,0
4.49,0
4.495,0
4.5,0
4.505,0
4.51,0
4.515,0
4.52,0
4.525,0
4.53,0
4.535,0
4.54,0
4.545,0
4.55,0
4.555,0
4.56,0
4.565,0
4.57,0
4.575,0
4.58,0
4.585,0
4.59,0
4.595,0
4.6,0
4.605,0
4.61,0
4.615,0
4.62,0
4.625,0
4.63,0
4.635,0
4.64,0
4.645,0
4.65,0
4.655,0
4.66,0
4.665,0
4.67,0
4.675,0
4.68,0
4.685,0
4.69,0
4.695,0
4.7,0
4.705,0
4.71,0
4.715,0
4.72,0
4.725,0
4.73,0
4.735,0
4.74,0
4.745,0
4.75,0
4.755,0
4.76,0
4.765,0
4.77,0
4.775,0
4.78,0
4.785,0
4.79,0
4.795,0
4.8,0
4.805,0
4.81,0
4.815,0
4.82,0
4.825,0
4.83,0
4.835,0
4.84,0
4.845,0
4.85,0
4.855,0
4.86,0
4.865,0
4.87,0
4.875,0
4.88,0
4.885,0
4.89,0
4.895,0
4.9,0
4.905,0
4.91,0
4.915,0
4.92,0
4.925,0
4.93,0
4.935,0
4.94,0
4.945,0
4.95,0
4.955,0
4.96,0
4.965,0
4.97,0
4.975,0
4.98,0
4.985,0
4.99,0
4.995,0
5,0
5.005,0
5.01,0
5.015,0
5.02,0
5.025,0
5.03,0
5.035,0
5.04,0
5.045,0
5.05,0
5.055,0
5.06,0
5.065,0
5.07,0
5.075,0
5.08,0
5.085,0
5.09,0
5.095,0
5.1,0
5.105,0
5.11,0
5.115,0
5.12,0
5.125,0
5.13,0
5.135,0
5.14,0
5.145,0
5.15,0
5.155,0
5.16,0
5.165,0
5.17,0
5.175,0
5.18,0
5.185,0
5.19,0
5.195,0
5.2,0
5.205,0
5.21,0
5.215,0
5.22,0
5.225,0
5.23,0
5.235,0
5.24,0
5.245,0
5.25,0
5.255,0
5.26,0
5.265,0
5.27,0
5.275,0
5.28,0
5.285,0
5.29,0
5.295,0
5.3,0
5.305,0
5.31,0
5.315,0
5.32,0
5.325,0
5.33,0
5.335,0
5.34,0
5.345,0
5.35,0
5.355,0
5.36,0
5.365,0
5.37,0
5.375,0
5.38,0
5.385,0
5.39,0
5.395,0
5.4,0
5.405,0
5.41,0
5.415,0
5.42,0
5.425,0
5.43,0
5.435,0
5.44,0
5.445,0
5.45,0
5.455,0
5.46,0
5.465,0
5.47,0
5.475,0
5.48,0
5.485,0
5.49,0
5.495,0
5.5,0
5.505,0
5.51,0
5.515,0
5.52,0
5.525,0
5.53,0
5.535,0
5.54,0
5.545,0
5.55,0
5.555,0
5.56,0
5.565,0
5.57,0
5.575,0
5.58,0
5.585,0
5.59,0
5.595,0
5.6,0
5.605,0
5.61,0
5.615,0
5.62,0
5.625,0
5.63,0
5.635,0
5.64,0
5.645,0
5.65,0
5.655,0
5.66,0
5.665,0
5.67,0
5.675,0
5.68,0
5.685,0
5.69,0
5.695,0
5.7,0
5.705,0
5.71,0
5.715,0
5.72,0
5.725,0
5.73,0
5.735,0
5.74,0
5.745,0
5.75,0
5.755,0
5.76,0
5.765,0
5.77,0
5.775,0
5.78,0
5.785,0
5.79,0
5.795,0
5.8,0
5.805,0
5.81,0
5.815,0
5.82,0
5.825,0
5.83,0
5.835,0
5.84,0
5.845,0
5.85,0
5.855,0
5.86,0
5.865,0
5.87,0
5.875,0
5.88,0
5.885,0
5.89,0
5.895,0
5.9,0
5.905,0
5.91,0
5.915,0
5.92,0
5.925,0
5.93,0
5.935,0
5.94,0
5.945,0
5.95,0
5.955,0
5.96,0
5.965,0
5.97,0
5.975,0
5.98,0
5.985,0
5.99,0
5.995,0
6,0
6.005,0
6.01,0
6.015,0
6.02,0
6.025,0
6.03,0
6.035,0
6.04,0
6.045,0
6.05,0
6.055,0
6.06,0
6.065,0
6.07,0
6.075,0
6.08,0
6.085,0
6.09,0
6.095,0
6.1,0
6.105,0
6.11,0
6.115,0
6.12,0
6.125,0
6.13,0
6.135,0
6.14,0
6.145,0
6.15,0
6.155,0
6.16,0
6.165,0
6.17,0
6.175,0
6.18,0
6.185,0
6.19,0
6.195,0
6.2,0
6.205,0
6.21,0
6.215,0
6.22,0
6.225,0
6.23,0
6.235,0
6.24,0
6.245,0
6.25,0
6.255,0
6.26,0
6.265,0
6.27,0
6.275,0
6.28,0
6.285,0
6.29,0
6.295,0
6.3,0
6.305,0
6.31,0
6.315,0
6.32,0
6.325,0
6.33,0
6.335,0
6.34,0
6.345,0
6.35,0
6.355,0
6.36,0
6.365,0
6.37,0
6.375,0
6.38,0
6.385,0
6.39,0
6.395,0
6.4,0
6.405,0
6.41,0
6.415,0
6.42,0
6.425,0
6.43,0
6.435,0
6.44,0
6.445,0
6.45,0
6.455,0
6.46,0
6.465,0
6.47,0
6.475,0
6.48,0
6.485,0
6.49,0
6.495,0
6.5,0
6.505,0
6.51,0
6.515,0
6.52,0
6.525,0
6.53,0
6.535,0
6.54,0
6.545,0
6.55,0
6.555,0
6.56,0
6.565,0
6.57,0
6.575,0
6.58,0
6.585,0
6.59,0
6.595,0
6.6,0
6.605,0
6.61,0
6.615,0
6.62,0
6.625,0
6.63,0
6.635,0
6.64,0
6.645,0
6.65,0
6.655,0
6.66,0
6.665,0
6.67,0
6.675,0
6.68,0
6.685,0
6.69,0
6.695,0
6.7,0
6.705,0
6.71,0
6.715,0
6.72,0
6.725,0
6.73,0
6.735,0
6.74,0
6.745,0
6.75,0
6.755,0
6.76,0
6.765,0
6.77,0
6.775,0
6.78,0
6.785,0
6.79,0
6.795,0
6.8,0
6.805,0
6.81,0
6.815,0
6.82,0
6.825,0
6.83,0
6.835,0
6.84,0
6.845,0
6.85,0
6.855,0
6.86,0
6.865,0
6.87,0
6.875,0
6.88,0
6.885,0
6.89,0
6.895,0
6.9,0
6.905,0
6.91,0
6.915,0
6.92,0
6.925,0
6.93,0
6.935,0
6.94,0
6.945,0
6.95,0
6.955,0
6.96,0
6.965,0
6.97,0
6.975,0
6.98,0
6.985,0
6.99,0
6.995,0
7,0
7.005,0
7.01,0
7.015,0
7.02,0
7.025,0
7.03,0
7.035,0
7.04,0
7.045,0
7.05,0
7.055,0
7.06,0
7.065,0
7.07,0
7.075,0
7.08,0
7.085,0
7.09,0
7.095,0
7.1,0
7.105,0
7.11,0
7.115,0
7.12,0
7.125,0
7.13,0
7.135,0
7.14,0
7.145,0
7.15,0
7.155,0
7.16,0
7.165,0
7.17,0
7.175,0
7.18,0
7.185,0
7.19,0
7.195,0
7.2,0
7.205,0
7.21,0
7.215,0
7.22,0
7.225,0
7.23,0
7.235,0
7.24,0
7.245,0
7.25,0
7.255,0
7.26,0
7.265,0
7.27,0
7.275,0
7.28,0
7.285,0
7.29,0
7.295,0
7.3,0
7.305,0
7.31,0
7.315,0
7.32,0
7.325,0
7.33,0
7.335,0
7.34,0
7.345,0
7.35,0
7.355,0
7.36,0
7.365,0
7.37,0
7.375,0
7.38,0
7.385,0
7.39,0
7.395,0
7.4,0
7.405,0
7.41,0
7.415,0
7.42,0
7.425,0
7.43,0
7.435,0
7.44,0
7.445,0
7.45,0
7.455,0
7.46,0
7.465,0
7.47,0
7.475,0
7.48,0
7.485,0
7.49,0
7.495,0
7.5,0
7.505,0
7.51,0
7.515,0
7.52,0
7.525,0
7.53,0
7.535,0
7.54,0
7.545,0
7.55,0
7.555,0
7.56,0
7.565,0
7.57,0
7.575,0
7.58,0
7.585,0
7.59,0
7.595,0
7.6,0
7.605,0
7.61,0
7.615,0
7.62,0
7.625,0
7.63,0
7.635,0
7.64,0
7.645,0
7.65,0
7.655,0
7.66,0
7.665,0
7.67,0
7.675,0
7.68,0
7.685,0
7.69,0
7.695,0
7.7,0
7.705,0
7.71,0
7.715,0
7.72,0
7.725,0
7.73,0
7.735,0
7.74,0
7.745,0
7.75,0
7.755,0
7.76,0
7.765,0
7.77,0
7.775,0
7.78,0
7.785,0
7.79,0
7.795,0
7.8,0
7.805,0
7.81,0
7.815,0
7.82,0
7.825,0
7.83,0
7.835,0
7.84,0
7.845,0
7.85,0
7.855,0
7.86,0
7.865,0
7.87,0
7.875,0
7.88,0
7.885,0
7.89,0
7.895,0
7.9,0
7.905,0
7.91,0
7.915,0
7.92,0
7.925,0
7.93,0
7.935,0
7.94,0
7.945,0
7.95,0
7.955,0
7.96,0
7.965,0
7.97,0
7.975,0
7.98,0
7.985,0
7.99,0
7.995,0
8,0
8.005,0
8.01,0
8.015,0
8.02,0
8.025,0
8.03,0
8.035,0
8.04,0
8.045,0
8.05,0
8.055,0
8.06,0
8.065,0
8.07,0
8.075,0
8.08,0
8.085,0
8.09,0
8.095,0
8.1,0
8.105,0
8.11,0
8.115,0
8.12,0
8.125,0
8.13,0
8.135,0
8.14,355.034729
8.145,0
8.15,355.100311
8.155,355.306915
8.16,355.386261
8.165,355.452362
8.17,355.518463
8.175,355.584564
8.18,355.360199
8.185,355.364166
8.19,355.36734
8.195,355.37207
8.2,354.880585
8.205,354.864624
8.21,354.848694
8.215,354.832733
8.22,354.304108
8.225,354.611633
8.23,354.371155
8.235,354.248016
8.24,354.565308
8.245,354.905945
8.25,354.958801
8.255,355.011658
8.26,354.556915
8.265,354.84903
8.27,354.894348
8.275,354.939667
8.28,354.968964
8.285,355.24823
8.29,355.284882
8.295,355.321564
8.3,354.893433
8.305,354.844666
8.31,354.837097
8.315,354.829529
8.32,354.82196
8.325,354.814392
8.33,354.530548
8.335,355.165619
8.34,354.927826
8.345,354.556335
8.35,354.49292
8.355,354.429535
8.36,354.366119
8.365,354.302734
8.37,354.925476
8.375,355.45697
8.38,355.225281
8.385,355.190399
8.39,354.78775
8.395,354.547821
8.4,354.511688
8.405,354.475555
8.41,354.615265
8.415,354.597473
8.42,354.594788
8.425,354.592102
8.43,354.856201
8.435,354.716614
8.44,354.694946
8.445,354.673309
8.45,354.524597
8.455,354.537476
8.46,354.539398
8.465,354.541351
8.47,354.215759
8.475,354.414703
8.48,354.44223
8.485,354.469757
8.49,353.661743
8.495,353.659668
8.5,353.659332
8.505,353.659027
8.51,354.355133
8.515,354.514404
8.52,354.536438
8.525,354.558472
8.53,354.68631
8.535,354.970795
8.54,355.017792
8.545,355.064758
8.55,354.897095
8.555,354.720581
8.56,354.696808
8.565,354.673004
8.57,354.840302
8.575,354.804565
8.58,354.798492
8.585,354.792358
8.59,354.821594
8.595,354.879608
8.6,354.891998
8.605,354.904388
8.61,355.167206
8.615,355.23938
8.62,355.25058
8.625,355.26178
8.63,355.11853
8.635,354.92038
8.64,354.891388
8.645,354.862427
8.65,354.994293
8.655,355.180725
8.66,355.206512
8.665,355.23233
8.67,355.20813
8.675,355.366333
8.68,355.390869
8.685,355.415436
8.69,355.231171
8.695,355.245361
8.7,355.268494
8.705,355.271606
8.71,355.474792
8.715,355.502441
8.72,355.53009
8.725,355.557739
8.73,355.585388
8.735,355.613037
8.74,0
8.745,0
8.75,0
8.755,0
8.76,0
8.765,0
8.77,0
8.775,0
8.78,0
8.785,0
8.79,0
8.795,0
8.8,0
8.805,0
8.81,0
8.815,0
8.82,0
8.825,0
8.83,0
8.835,0
8.84,0
8.845,0
8.85,0
8.855,0
8.86,0
8.865,0
8.87,0
8.875,0
8.88,0
8.885,0
8.89,0
8.895,0
8.9,0
8.905,0
8.91,0
8.915,0
8.92,0
8.925,0
8.93,0
8.935,0
8.94,0
8.945,0
8.95,0
8.955,0
8.96,0
8.965,0
8.97,0
8.975,0
8.98,0
8.985,0
8.99,0
8.995,0
9,0
9.005,0
9.01,0
9.015,0
9.02,0
9.025,0
9.03,0
9.035,0
9.04,354.756226
9.045,354.873016
9.05,354.890106
9.055,354.907196
9.06,355.099274
9.065,355.184021
9.07,354.466614
9.075,354.358582
9.08,354.863708
9.085,354.722595
9.09,354.701355
9.095,354.680084
9.1,355.276276
9.105,354.963501
9.11,354.916412
9.115,354.869293
9.12,354.822205
9.125,354.904175
9.13,361.984344
9.135,363.020081
9.14,364.055847
9.145,365.091522
9.15,0
9.155,0
9.16,0
9.165,0
9.17,0
9.175,0
9.18,0
9.185,0
9.19,0
9.195,0
9.2,362.917358
9.205,363.988739
9.21,0
9.215,0
9.22,0
9.225,0
9.23,0
9.235,0
9.24,0
9.245,0
9.25,0
9.255,0
9.26,0
9.265,0
9.27,0
9.275,0
9.28,0
9.285,355.17218
9.29,355.356354
9.295,355.159821
9.3,355.129333
9.305,355.098846
9.31,354.897736
9.315,354.720642
9.32,354.693207
9.325,354.66568
9.33,355.216644
9.335,355.244781
9.34,355.248901
9.345,355.253052
9.35,355.332703
9.355,355.249634
9.36,355.237488
9.365,355.225342
9.37,355.332092
9.375,355.152771
9.38,355.123169
9.385,355.093536
9.39,355.261017
9.395,355.302216
9.4,355.308075
9.405,355.313934
9.41,355.206879
9.415,355.301056
9.42,355.289032
9.425,355.287323
9.43,355.34491
9.435,355.251617
9.44,355.237152
9.445,355.222656
9.45,355.317108
9.455,355.17157
9.46,355.148285
9.465,355.125
9.47,355.063782
9.475,354.988159
9.48,354.976776
9.485,354.965424
9.49,355.067383
9.495,355.198242
9.5,355.218536
9.505,355.238861
9.51,355.277679
9.515,355.246948
9.52,355.242462
9.525,355.237946
9.53,355.233459
9.535,355.228973
9.54,355.353851
9.545,355.219238
9.55,355.328613
9.555,355.399017
9.56,355.411041
9.565,355.423065
9.57,355.435059
9.575,355.447083
9.58,355.290039
9.585,355.059479
9.59,355.022583
9.595,354.985687
9.6,355.216034
9.605,355.285461
9.61,355.296234
9.615,355.307007
9.62,355.289917
9.625,355.375854
9.63,355.388794
9.635,355.401733
9.64,355.253479
9.645,355.099823
9.65,355.077972
9.655,355.056122
9.66,355.056427
9.665,355.144226
9.67,355.157074
9.675,355.169922
9.68,355.209961
9.685,355.134644
9.69,355.122955
9.695,355.111267
9.7,355.264709
9.705,355.105408
9.71,355.080688
9.715,355.055969
9.72,355.297302
9.725,355.182495
9.73,355.165192
9.735,355.147919
9.74,0
9.745,0
9.75,0
9.755,0
9.76,0
9.765,0
9.77,0
9.775,0
9.78,0
9.785,0
9.79,0
9.795,0
9.8,0
9.805,0
9.81,0
9.815,0
9.82,0
9.825,0
9.83,0
9.835,0
9.84,0
9.845,0
9.85,0
9.855,0
9.86,0
9.865,0
9.87,0
9.875,0
9.88,0
9.885,0
9.89,0
9.895,0
9.9,0
9.905,0
9.91,0
9.915,0
9.92,0
9.925,0
9.93,0
9.935,0
9.94,0
9.945,0
9.95,0
9.955,0
9.96,0
9.965,0
9.97,0
9.975,0
9.98,0
9.985,0
9.99,0
9.995,0
10,0
10.005,0
10.01,0
10.015,0
10.02,0
10.025,0
10.03,0
10.035,0
10.04,0
10.045,0
10.05,0
10.055,0
10.06,0
10.065,0
10.07,0
10.075,0
10.08,0
10.085,0
10.09,0
10.095,0
10.1,0
10.105,0
10.11,0
10.115,0
10.12,0
10.125,0
10.13,0
10.135,0
10.14,0
10.145,0
10.15,0
10.155,0
10.16,0
10.165,0
10.17,0
10.175,0
10.18,0
10.185,0
10.19,0
10.195,0
10.2,0
10.205,0
10.21,0
10.215,0
10.22,0
10.225,0
10.23,0
10.235,0
10.24,0
10.245,0
10.25,0
10.255,0
10.26,0
10.265,0
10.27,0
10.275,0
10.28,0
10.285,0
10.29,0
10.295,0
10.3,0
10.305,0
10.31,0
10.315,0
10.32,0
10.325,0
10.33,0
10.335,0
10.34,0
10.345,0
10.35,0
10.355,0
10.36,0
10.365,0
10.37,0
10.375,0
10.38,0
10.385,0
10.39,0
10.395,0
10.4,0
10.405,0
10.41,0
10.415,0
10.42,0
10.425,0
10.43,0
10.435,0
10.44,0
10.445,0
10.45,0
10.455,0
10.46,0
10.465,0
10.47,0
10.475,0
10.48,0
10.485,0
10.49,0
10.495,0
10.5,0
10.505,0
10.51,0
10.515,0
10.52,0
10.525,0
10.53,0
10.535,0
10.54,0
10.545,0
10.55,0
10.555,0
10.56,0
10.565,0
10.57,0
10.575,0
10.58,0
10.585,0
10.59,0
10.595,0
10.6,0
10.605,0
10.61,0
10.615,0
10.62,0
10.625,0
10.63,0
10.635,0
10.64,0
10.645,0
10.65,0
10.655,0
10.66,0
10.665,0
10.67,0
10.675,0
10.68,0
10.685,0
10.69,0
10.695,0
10.7,0
10.705,0
10.71,0
10.715,0
10.72,0
10.725,0
10.73,0
10.735,0
10.74,0
10.745,0
10.75,0
10.755,0
10.76,0
10.765,0
10.77,0
10.775,0
10.78,0
10.785,0
10.79,0
10.795,0
10.8,0
10.805,0
10.81,0
10.815,0
10.82,0
10.825,0
10.83,0
10.835,0
10.84,0
10.845,0
10.85,0
10.855,0
10.86,0
10.865,0
10.87,0
10.875,0
10.88,0
10.885,0
10.89,0
10.895,0
10.9,0
10.905,0
10.91,0
10.915,0
10.92,0
10.925,0
10.93,0
10.935,0
10.94,0
10.945,0
10.95,0
10.955,0
10.96,0
10.965,0
10.97,0
10.975,0
10.98,0
10.985,0
10.99,0
10.995,0
11,0
11.005,0
11.01,0
11.015,0
11.02,0
11.025,0
11.03,0
11.035,0
11.04,0
11.045,0
11.05,0
11.055,0
11.06,0
11.065,0
11.07,0
11.075,0
11.08,0
11.085,0
11.09,0
11.095,0
11.1,0
11.105,0
11.11,0
11.115,0
11.12,0
11.125,0
11.13,0
11.135,0
11.14,0
11.145,0
11.15,0
11.155,0
11.16,0
11.165,0
11.17,0
11.175,0
11.18,0
11.185,0
11.19,0
11.195,0
11.2,0
11.205,0
11.21,0
11.215,0
11.22,0
11.225,0
11.23,0
11.235,0
11.24,0
11.245,0
11.25,0
11.255,0
11.26,0
11.265,0
11.27,0
11.275,0
11.28,0
11.285,0
11.29,0
11.295,0
11.3,0
11.305,0
11.31,0
11.315,0
11.32,0
11.325,0
11.33,0
11.335,0
11.34,0
11.345,0
11.35,0
11.355,0
11.36,0
11.365,0
11.37,0
11.375,0
11.38,0
11.385,0
11.39,0
11.395,0
11.4,0
11.405,0
11.41,0
11.415,0
11.42,0
11.425,0
11.43,0
11.435,0
11.44,0
11.445,0
11.45,0
11.455,0
11.46,0
11.465,0
11.47,0
11.475,0
11.48,0
11.485,0
11.49,0
11.495,0
11.5,0
11.505,0
11.51,0
11.515,0
11.52,0
11.525,0
11.53,0
11.535,0
11.54,0
11.545,0
11.55,0
11.555,0
11.56,0
11.565,0
11.57,0
11.575,0
11.58,0
11.585,0
11.59,0
11.595,0
11.6,0
11.605,0
11.61,0
11.615,0
11.62,0
11.625,0
11.63,0
11.635,0
11.64,0
11.645,0
11.65,0
11.655,0
11.66,0
11.665,0
11.67,0
11.675,0
11.68,0
11.685,0
11.69,0
11.695,0
11.7,0
11.705,0
11.71,0
11.715,0
11.72,0
11.725,0
11.73,0
11.735,0
11.74,0
11.745,0
11.75,0
11.755,0
11.76,0
11.765,0
11.77,0
11.775,0
11.78,0
11.785,0
11.79,0
11.795,0
11.8,0
11.805,0
11.81,0
11.815,0
11.82,0
11.825,0
11.83,0
11.835,0
11.84,0
11.845,0
11.85,0
11.855,0
11.86,0
11.865,0
11.87,0
11.875,0
11.88,0
11.885,0
11.89,0
11.895,0
11.9,0
11.905,0
11.91,0
11.915,0
11.92,0
11.925,0
11.93,0
11.935,0
11.94,0
11.945,0
11.95,0
11.955,0
11.96,0
11.965,0
11.97,0
11.975,0
11.98,0
11.985,0
11.99,0
11.995,0
12,0
12.005,0
12.01,0
12.015,0
12.02,0
12.025,0
12.03,0
12.035,0
12.04,0
12.045,0
12.05,0
12.055,0
12.06,0
12.065,0
12.07,0
12.075,0
12.08,0
12.085,0
12.09,0
12.095,0
12.1,0
12.105,0
12.11,0
12.115,0
12.12,0
12.125,0
12.13,0
12.135,0
12.14,0
12.145,0
12.15,0
12.155,0
12.16,0
12.165,0
12.17,0
12.175,0
12.18,0
12.185,0
12.19,0
12.195,0
12.2,0
12.205,0
12.21,0
12.215,0
12.22,0
12.225,0
12.23,0
12.235,0
12.24,0
12.245,0
12.25,0
12.255,0
12.26,0
12.265,0
12.27,0
12.275,0
12.28,0
12.285,0
12.29,0
12.295,0
12.3,0
12.305,0
12.31,0
12.315,0
12.32,0
12.325,0
12.33,0
12.335,0
12.34,0
12.345,0
12.35,0
12.355,0
12.36,0
12.365,0
12.37,0
12.375,0
12.38,0
12.385,0
12.39,0
12.395,0
12.4,0
12.405,0
12.41,0
12.415,0
12.42,0
12.425,0
12.43,0
12.435,0
12.44,0
12.445,0
12.45,0
12.455,0
12.46,0
12.465,0
12.47,0
12.475,0
12.48,0
12.485,0
12.49,0
12.495,0
12.5,0
12.505,0
12.51,0
12.515,0
12.52,0
12.525,0
12.53,0
12.535,0
12.54,0
12.545,0
12.55,0
12.555,0
12.56,0
12.565,0
12.57,0
12.575,0
12.58,0
12.585,0
12.59,0
12.595,0
12.6,0
12.605,0
12.61,0
12.615,0
12.62,0
12.625,0
12.63,0
12.635,0
12.64,0
12.645,0
12.65,0
12.655,0
12.66,0
12.665,0
12.67,0
12.675,0
12.68,0
12.685,0
12.69,0
12.695,0
12.7,0
12.705,0
12.71,0
12.715,0
12.72,0
12.725,0
12.73,0
12.735,0
12.74,0
12.745,0
12.75,0
12.755,0
12.76,0
12.765,0
12.77,0
12.775,0
12.78,0
12.785,0
12.79,0
12.795,0
12.8,0
12.805,0
12.81,0
12.815,0
12.82,0
12.825,0
12.83,0
12.835,0
12.84,0
12.845,0
12.85,0
12.855,0
12.86,0
12.865,0
12.87,0
12.875,0
12.88,0
12.885,0
12.89,0
12.895,0
12.9,0
12.905,0
12.91,0
12.915,0
12.92,0
12.925,0
12.93,0
12.935,0
12.94,0
12.945,0
12.95,0
12.955,0
12.96,0
12.965,0
12.97,0
12.975,0
12.98,0
12.985,0
12.99,0
12.995,0
13,0
13.005,0
13.01,0
13.015,0
13.02,0
13.025,0
13.03,0
13.035,0
13.04,0
13.045,0
13.05,0
13.055,0
13.06,0
13.065,0
13.07,0
13.075,0
13.08,0
13.085,0
13.09,0
13.095,0
13.1,0
13.105,0
13.11,0
13.115,0
13.12,0
13.125,0
13.13,0
13.135,0
13.14,0
13.145,0
13.15,0
13.155,0
13.16,0
13.165,0
13.17,0
13.175,0
13.18,0
13.185,0
13.19,0
13.195,0
13.2,0
13.205,0
13.21,0
13.215,0
13.22,0
13.225,0
13.23,0
13.235,0
13.24,0
13.245,0
13.25,0
13.255,0
13.26,0
13.265,0
13.27,0
13.275,0
13.28,0
13.285,0
13.29,0
13.295,0
13.3,0
13.305,0
13.31,0
13.315,0
13.32,0
13.325,0
13.33,0
13.335,0
13.34,0
13.345,0
13.35,0
13.355,0
13.36,0
13.365,0
13.37,0
13.375,0
13.38,0
13.385,0
13.39,0
13.395,0
13.4,0
13.405,0
13.41,0
13.415,0
13.42,0
13.425,0
13.43,0
13.435,0
13.44,0
13.445,0
13.45,0
13.455,0
13.46,0
13.465,0
13.47,0
13.475,0
13.48,0
13.485,0
13.49,0
13.495,0
13.5,0
13.505,0
13.51,0
13.515,0
13.52,0
13.525,0
13.53,0
13.535,0
13.54,0
13.545,0
13.55,0
13.555,0
13.56,0
13.565,0
13.57,0
13.575,0
13.58,0
13.585,0
13.59,0
13.595,0
13.6,0
13.605,0
13.61,0
13.615,0
13.62,0
13.625,0
13.63,0
13.635,0
13.64,0
13.645,0
13.65,0
13.655,0
13.66,0
13.665,0
13.67,0
13.675,0
13.68,0
13.685,0
13.69,0
13.695,0
13.7,0
13.705,0
13.71,0
13.715,0
13.72,0
13.725,0
13.73,0
13.735,0
13.74,0
13.745,0
13.75,0
13.755,0
13.76,0
13.765,0
13.77,0
13.775,0
13.78,0
13.785,0
13.79,0
13.795,0
13.8,0
13.805,0
13.81,0
13.815,0
13.82,0
13.825,0
13.83,0
13.835,0
13.84,0
13.845,0
13.85,0
13.855,0
13.86,0
13.865,0
13.87,0
13.875,0
13.88,0
13.885,0
13.89,0
13.895,0
13.9,0
13.905,0
13.91,0
13.915,0
13.92,0
13.925,0
13.93,0
13.935,0
13.94,0
13.945,0
13.95,0
13.955,0
13.96,0
13.965,0
13.97,0
13.975,0
13.98,0
13.985,0
13.99,0
13.995,0
14,0
14.005,0
14.01,0
14.015,0
14.02,0
14.025,0
14.03,0
14.035,0
14.04,0
14.045,0
14.05,0
14.055,0
14.06,0
14.065,0
14.07,0
14.075,0
14.08,0
14.085,0
14.09,0
14.095,0
14.1,0
14.105,0
14.11,0
14.115,0
14.12,0
14.125,0
14.13,0
14.135,0
14.14,0
14.145,0
14.15,0
14.155,0
14.16,0
14.165,0
14.17,0
14.175,0
14.18,0
14.185,0
14.19,0
14.195,0
14.2,0
14.205,0
14.21,0
14.215,0
14.22,0
14.225,0
14.23,0
14.235,0
14.24,0
14.245,0
14.25,0
14.255,0
14.26,0
14.265,0
14.27,0
14.275,0
14.28,0
14.285,0
