time_s,operator_stop_request
0,3
0.005,3
0.01,3
0.015,3
0.02,3
0.025,3
0.03,3
0.035,3
0.04,3
0.045,3
0.05,3
0.055,3
0.06,3
0.065,3
0.07,3
0.075,3
0.08,3
0.085,3
0.09,3
0.095,3
0.1,3
0.105,3
0.11,3
0.115,3
0.12,3
0.125,3
0.13,3
0.135,3
0.14,3
0.145,3
0.15,3
0.155,3
0.16,3
0.165,3
0.17,3
0.175,3
0.18,3
0.185,3
0.19,3
0.195,3
0.2,3
0.205,3
0.21,3
0.215,3
0.22,3
0.225,3
0.23,3
0.235,3
0.24,3
0.245,3
0.25,3
0.255,3
0.26,3
0.265,3
0.27,3
0.275,3
0.28,3
0.285,3
0.29,3
0.295,3
0.3,3
0.305,3
0.31,3
0.315,3
0.32,3
0.325,3
0.33,3
0.335,3
0.34,3
0.345,3
0.35,3
0.355,3
0.36,3
0.365,3
0.37,3
0.375,3
0.38,3
0.385,3
0.39,3
0.395,3
0.4,3
0.405,3
0.41,3
0.415,3
0.42,3
0.425,3
0.43,3
0.435,3
0.44,3
0.445,3
0.45,3
0.455,3
0.46,3
0.465,3
0.47,3
0.475,3
0.48,3
0.485,3
0.49,3
0.495,3
0.5,3
0.505,3
0.51,3
0.515,3
0.52,3
0.525,3
0.53,3
0.535,3
0.54,3
0.545,3
0.55,3
0.555,3
0.56,3
0.565,3
0.57,3
0.575,3
0.58,3
0.585,3
0.59,3
0.595,3
0.6,3
0.605,3
0.61,3
0.615,3
0.62,3
0.625,3
0.63,3
0.635,3
0.64,3
0.645,3
0.65,3
0.655,3
0.66,3
0.665,3
0.67,3
0.675,3
0.68,3
0.685,3
0.69,3
0.695,3
0.7,3
0.705,3
0.71,3
0.715,3
0.72,3
0.725,3
0.73,3
0.735,3
0.74,3
0.745,3
0.75,3
0.755,3
0.76,3
0.765,3
0.77,3
0.775,3
0.78,3
0.785,3
0.79,3
0.795,3
0.8,3
0.805,3
0.81,3
0.815,3
0.82,3
0.825,3
0.83,3
0.835,3
0.84,3
0.845,3
0.85,3
0.855,3
0.86,3
0.865,3
0.87,3
0.875,3
0.88,3
0.885,3
0.89,3
0.895,3
0.9,3
0.905,3
0.91,3
0.915,3
0.92,3
0.925,3
0.93,3
0.935,3
0.94,3
0.945,3
0.95,3
0.955,3
0.96,3
0.965,3
0.97,3
0.975,3
0.98,3
0.985,3
0.99,3
0.995,3
1,3
1.005,3
1.01,3
1.015,3
1.02,3
1.025,3
1.03,3
1.035,3
1.04,3
1.045,3
1.05,3
1.055,3
1.06,3
1.065,3
1.07,3
1.075,3
1.08,3
1.085,3
1.09,3
1.095,3
1.1,3
1.105,3
1.11,3
1.115,3
1.12,3
1.125,3
1.13,3
1.135,3
1.14,3
1.145,3
1.15,3
1.155,3
1.16,3
1.165,3
1.17,3
1.175,3
1.18,3
1.185,3
1.19,3
1.195,3
1.2,3
1.205,3
1.21,3
1.215,3
1.22,3
1.225,3
1.23,3
1.235,3
1.24,3
1.245,3
1.25,3
1.255,3
1.26,3
1.265,3
1.27,3
1.275,3
1.28,3
1.285,3
1.29,3
1.295,3
1.3,3
1.305,3
1.31,3
1.315,3
1.32,3
1.325,3
1.33,3
1.335,3
1.34,3
1.345,3
1.35,3
1.355,3
1.36,3
1.365,3
1.37,3
1.375,3
1.38,3
1.385,3
1.39,3
1.395,3
1.4,3
1.405,3
1.41,3
1.415,3
1.42,3
1.425,3
1.43,3
1.435,3
1.44,3
1.445,3
1.45,3
1.455,3
1.46,3
1.465,3
1.47,3
1.475,3
1.48,3
1.485,3
1.49,3
1.495,3
1.5,3
1.505,3
1.51,3
1.515,3
1.52,3
1.525,3
1.53,3
1.535,3
1.54,3
1.545,3
1.55,3
1.555,3
1.56,3
1.565,3
1.57,3
1.575,3
1.58,3
1.585,3
1.59,3
1.595,3
1.6,3
1.605,3
1.61,3
1.615,3
1.62,3
1.625,3
1.63,3
1.635,3
1.64,3
1.645,3
1.65,3
1.655,3
1.66,3
1.665,3
1.67,3
1.675,3
1.68,3
1.685,3
1.69,3
1.695,3
1.7,3
1.705,3
1.71,3
1.715,3
1.72,3
1.725,3
1.73,3
1.735,3
1.74,3
1.745,3
1.75,3
1.755,3
1.76,3
1.765,3
1.77,3
1.775,3
1.78,3
1.785,3
1.79,3
1.795,3
1.8,3
1.805,3
1.81,3
1.815,3
1.82,3
1.825,3
1.83,3
1.835,3
1.84,3
1.845,3
1.85,3
1.855,3
1.86,3
1.865,3
1.87,3
1.875,3
1.88,3
1.885,3
1.89,3
1.895,3
1.9,3
1.905,3
1.91,3
1.915,3
1.92,3
1.925,3
1.93,3
1.935,3
1.94,3
1.945,3
1.95,3
1.955,3
1.96,3
1.965,3
1.97,3
1.975,3
1.98,3
1.985,3
1.99,3
1.995,3
2,3
2.005,3
2.01,3
2.015,3
2.02,3
2.025,3
2.03,3
2.035,3
2.04,3
2.045,3
2.05,3
2.055,3
2.06,3
2.065,3
2.07,3
2.075,3
2.08,3
2.085,3
2.09,3
2.095,3
2.1,3
2.105,3
2.11,3
2.115,3
2.12,3
2.125,3
2.13,3
2.135,3
2.14,3
2.145,3
2.15,3
2.155,3
2.16,3
2.165,3
2.17,3
2.175,3
2.18,3
2.185,3
2.19,3
2.195,3
2.2,3
2.205,3
2.21,3
2.215,3
2.22,3
2.225,3
2.23,3
2.235,3
2.24,3
2.245,3
2.25,3
2.255,3
2.26,3
2.265,3
2.27,3
2.275,3
2.28,3
2.285,3
2.29,3
2.295,3
2.3,3
2.305,3
2.31,3
2.315,3
2.32,3
2.325,3
2.33,3
2.335,3
2.34,3
2.345,3
2.35,3
2.355,3
2.36,3
2.365,3
2.37,3
2.375,3
2.38,3
2.385,3
2.39,3
2.395,3
2.4,3
2.405,3
2.41,3
2.415,3
2.42,3
2.425,3
2.43,3
2.435,3
2.44,3
2.445,3
2.45,3
2.455,3
2.46,3
2.465,3
2.47,3
2.475,3
2.48,3
2.485,3
2.49,3
2.495,3
2.5,3
2.505,3
2.51,3
2.515,3
2.52,3
2.525,3
2.53,3
2.535,3
2.54,3
2.545,3
2.55,3
2.555,3
2.56,3
2.565,3
2.57,3
2.575,3
2.58,3
2.585,3
2.59,3
2.595,3
2.6,3
2.605,3
2.61,3
2.615,3
2.62,3
2.625,3
2.63,3
2.635,3
2.64,3
2.645,3
2.65,3
2.655,3
2.66,3
2.665,3
2.67,3
2.675,3
2.68,3
2.685,3
2.69,3
2.695,3
2.7,3
2.705,3
2.71,3
2.715,3
2.72,3
2.725,3
2.73,3
2.735,3
2.74,3
2.745,3
2.75,3
2.755,3
2.76,3
2.765,3
2.77,3
2.775,3
2.78,3
2.785,3
2.79,3
2.795,3
2.8,3
2.805,3
2.81,3
2.815,3
2.82,3
2.825,3
2.83,3
2.835,3
2.84,3
2.845,3
2.85,3
2.855,3
2.86,3
2.865,3
2.87,3
2.875,3
2.88,3
2.885,3
2.89,3
2.895,3
2.9,3
2.905,3
2.91,3
2.915,3
2.92,3
2.925,3
2.93,3
2.935,3
2.94,3
2.945,3
2.95,3
2.955,3
2.96,3
2.965,3
2.97,3
2.975,3
2.98,3
2.985,3
2.99,3
2.995,3
3,3
3.005,3
3.01,3
3.015,3
3.02,3
3.025,3
3.03,3
3.035,3
3.04,3
3.045,3
3.05,3
3.055,3
3.06,3
3.065,3
3.07,3
3.075,3
3.08,3
3.085,3
3.09,3
3.095,3
3.1,3
3.105,3
3.11,3
3.115,3
3.12,3
3.125,3
3.13,3
3.135,3
3.14,3
3.145,3
3.15,3
3.155,3
3.16,3
3.165,3
3.17,3
3.175,3
3.18,3
3.185,3
3.19,3
3.195,3
3.2,3
3.205,3
3.21,3
3.215,3
3.22,3
3.225,3
3.23,3
3.235,3
3.24,3
3.245,3
3.25,3
3.255,3
3.26,3
3.265,3
3.27,3
3.275,3
3.28,3
3.285,3
3.29,3
3.295,3
3.3,3
3.305,3
3.31,3
3.315,3
3.32,3
3.325,3
3.33,3
3.335,3
3.34,3
3.345,3
3.35,3
3.355,3
3.36,3
3.365,3
3.37,3
3.375,3
3.38,3
3.385,3
3.39,3
3.395,3
3.4,3
3.405,3
3.41,3
3.415,3
3.42,3
3.425,3
3.43,3
3.435,3
3.44,3
3.445,3
3.45,3
3.455,3
3.46,3
3.465,3
3.47,3
3.475,3
3.48,3
3.485,3
3.49,3
3.495,3
3.5,3
3.505,3
3.51,3
3.515,3
3.52,3
3.525,3
3.53,3
3.535,3
3.54,3
3.545,3
3.55,3
3.555,3
3.56,3
3.565,3
3.57,3
3.575,3
3.58,3
3.585,3
3.59,3
3.595,3
3.6,3
3.605,3
3.61,3
3.615,3
3.62,3
3.625,3
3.63,3
3.635,3
3.64,3
3.645,3
3.65,3
3.655,3
3.66,3
3.665,3
3.67,3
3.675,3
3.68,3
3.685,3
3.69,3
3.695,3
3.7,3
3.705,3
3.71,3
3.715,3
3.72,3
3.725,3
3.73,3
3.735,3
3.74,3
3.745,3
3.75,3
3.755,3
3.76,3
3.765,3
3.77,3
3.775,3
3.78,3
3.785,3
3.79,3
3.795,3
3.8,3
3.805,3
3.81,3
3.815,3
3.82,3
3.825,3
3.83,3
3.835,3
3.84,3
3.845,3
3.85,3
3.855,3
3.86,3
3.865,3
3.87,3
3.875,3
3.88,3
3.885,3
3.89,3
3.895,3
3.9,3
3.905,3
3.91,3
3.915,3
3.92,3
3.925,3
3.93,3
3.935,3
3.94,3
3.945,3
3.95,3
3.955,3
3.96,3
3.965,3
3.97,3
3.975,3
3.98,3
3.985,3
3.99,3
3.995,3
4,3
4.005,3
4.01,3
4.015,3
4.02,3
4.025,3
4.03,3
4.035,3
4.04,3
4.045,3
4.05,3
4.055,3
4.06,3
4.065,3
4.07,3
4.075,3
4.08,3
4.085,3
4.09,3
4.095,3
4.1,3
4.105,3
4.11,3
4.115,3
4.12,3
4.125,3
4.13,3
4.135,3
4.14,3
4.145,3
4.15,3
4.155,3
4.16,3
4.165,3
4.17,3
4.175,3
4.18,3
4.185,3
4.19,3
4.195,3
4.2,3
4.205,3
4.21,3
4.215,3
4.22,3
4.225,3
4.23,3
4.235,3
4.24,3
4.245,3
4.25,3
4.255,3
4.26,3
4.265,3
4.27,3
4.275,3
4.28,3
4.285,3
4.29,3
4.295,3
4.3,3
4.305,3
4.31,3
4.315,3
4.32,3
4.325,3
4.33,3
4.335,3
4.34,3
4.345,3
4.35,3
4.355,3
4.36,3
4.365,3
4.37,3
4.375,3
4.38,3
4.385,3
4.39,3
4.395,3
4.4,3
4.405,3
4.41,3
4.415,3
4.42,3
4.425,3
4.43,3
4.435,3
4.44,3
4.445,3
4.45,3
4.455,3
4.46,3
4.465,3
4.47,3
4.475,3
4.48,3
4.485,3
4.49,3
4.495,3
4.5,3
4.505,3
4.51,3
4.515,3
4.52,3
4.525,3
4.53,3
4.535,3
4.54,3
4.545,3
4.55,3
4.555,3
4.56,3
4.565,3
4.57,3
4.575,3
4.58,3
4.585,3
4.59,3
4.595,3
4.6,3
4.605,3
4.61,3
4.615,3
4.62,3
4.625,3
4.63,3
4.635,3
4.64,3
4.645,3
4.65,3
4.655,3
4.66,3
4.665,3
4.67,3
4.675,3
4.68,3
4.685,3
4.69,3
4.695,3
4.7,3
4.705,3
4.71,3
4.715,3
4.72,3
4.725,3
4.73,3
4.735,3
4.74,3
4.745,3
4.75,3
4.755,3
4.76,3
4.765,3
4.77,3
4.775,3
4.78,3
4.785,3
4.79,3
4.795,3
4.8,3
4.805,3
4.81,3
4.815,3
4.82,3
4.825,3
4.83,3
4.835,3
4.84,3
4.845,3
4.85,3
4.855,3
4.86,3
4.865,3
4.87,3
4.875,3
4.88,3
4.885,3
4.89,3
4.895,3
4.9,3
4.905,3
4.91,3
4.915,3
4.92,3
4.925,3
4.93,3
4.935,3
4.94,3
4.945,3
4.95,3
4.955,3
4.96,3
4.965,3
4.97,3
4.975,3
4.98,3
4.985,3
4.99,3
4.995,3
5,3
5.005,3
5.01,3
5.015,3
5.02,3
5.025,3
5.03,3
5.035,3
5.04,3
5.045,3
5.05,3
5.055,3
5.06,3
5.065,3
5.07,3
5.075,3
5.08,3
5.085,3
5.09,3
5.095,3
5.1,3
5.105,3
5.11,3
5.115,3
5.12,3
5.125,3
5.13,3
5.135,3
5.14,3
5.145,3
5.15,3
5.155,3
5.16,3
5.165,3
5.17,3
5.175,3
5.18,3
5.185,3
5.19,3
5.195,3
5.2,3
5.205,3
5.21,3
5.215,3
5.22,3
5.225,3
5.23,3
5.235,3
5.24,3
5.245,3
5.25,3
5.255,3
5.26,3
5.265,3
5.27,3
5.275,3
5.28,3
5.285,3
5.29,3
5.295,3
5.3,3
5.305,3
5.31,3
5.315,3
5.32,3
5.325,3
5.33,3
5.335,3
5.34,3
5.345,3
5.35,3
5.355,3
5.36,3
5.365,3
5.37,3
5.375,3
5.38,3
5.385,3
5.39,3
5.395,3
5.4,3
5.405,3
5.41,3
5.415,3
5.42,3
5.425,3
5.43,3
5.435,3
5.44,3
5.445,3
5.45,3
5.455,3
5.46,3
5.465,3
5.47,3
5.475,3
5.48,3
5.485,3
5.49,3
5.495,3
5.5,3
5.505,3
5.51,3
5.515,3
5.52,3
5.525,3
5.53,3
5.535,3
5.54,3
5.545,3
5.55,3
5.555,3
5.56,3
5.565,3
5.57,3
5.575,3
5.58,3
5.585,3
5.59,3
5.595,3
5.6,3
5.605,3
5.61,3
5.615,3
5.62,3
5.625,3
5.63,3
5.635,3
5.64,3
5.645,3
5.65,3
5.655,3
5.66,3
5.665,3
5.67,3
5.675,3
5.68,3
5.685,3
5.69,3
5.695,3
5.7,3
5.705,3
5.71,3
5.715,3
5.72,3
5.725,3
5.73,3
5.735,3
5.74,3
5.745,3
5.75,3
5.755,3
5.76,3
5.765,3
5.77,3
5.775,3
5.78,3
5.785,3
5.79,3
5.795,3
5.8,3
5.805,3
5.81,3
5.815,3
5.82,3
5.825,3
5.83,3
5.835,3
5.84,3
5.845,3
5.85,3
5.855,3
5.86,3
5.865,3
5.87,3
5.875,3
5.88,3
5.885,3
5.89,3
5.895,3
5.9,3
5.905,3
5.91,3
5.915,3
5.92,3
5.925,3
5.93,3
5.935,3
5.94,3
5.945,3
5.95,3
5.955,3
5.96,3
5.965,3
5.97,3
5.975,3
5.98,3
5.985,3
5.99,3
5.995,3
6,3
6.005,3
6.01,3
6.015,3
6.02,3
6.025,3
6.03,3
6.035,3
6.04,3
6.045,3
6.05,3
6.055,3
6.06,3
6.065,3
6.07,3
6.075,3
6.08,3
6.085,3
6.09,3
6.095,3
6.1,3
6.105,3
6.11,3
6.115,3
6.12,3
6.125,3
6.13,3
6.135,3
6.14,3
6.145,3
6.15,3
6.155,3
6.16,3
6.165,3
6.17,3
6.175,3
6.18,3
6.185,3
6.19,3
6.195,3
6.2,3
6.205,3
6.21,3
6.215,3
6.22,3
6.225,3
6.23,3
6.235,3
6.24,3
6.245,3
6.25,3
6.255,3
6.26,3
6.265,3
6.27,3
6.275,3
6.28,3
6.285,3
6.29,3
6.295,3
6.3,3
6.305,3
6.31,3
6.315,3
6.32,3
6.325,3
6.33,3
6.335,3
6.34,3
6.345,3
6.35,3
6.355,3
6.36,3
6.365,3
6.37,3
6.375,3
6.38,3
6.385,3
6.39,3
6.395,3
6.4,3
6.405,3
6.41,3
6.415,3
6.42,3
6.425,3
6.43,3
6.435,3
6.44,3
6.445,3
6.45,3
6.455,3
6.46,3
6.465,3
6.47,3
6.475,3
6.48,3
6.485,3
6.49,3
6.495,3
6.5,3
6.505,3
6.51,3
6.515,3
6.52,3
6.525,3
6.53,3
6.535,3
6.54,3
6.545,3
6.55,3
6.555,3
6.56,3
6.565,3
6.57,3
6.575,3
6.58,3
6.585,3
6.59,3
6.595,3
6.6,3
6.605,3
6.61,3
6.615,3
6.62,3
6.625,3
6.63,3
6.635,3
6.64,3
6.645,3
6.65,3
6.655,3
6.66,3
6.665,3
6.67,3
6.675,3
6.68,3
6.685,3
6.69,3
6.695,3
6.7,3
6.705,3
6.71,3
6.715,3
6.72,3
6.725,3
6.73,3
6.735,3
6.74,3
6.745,3
6.75,3
6.755,3
6.76,3
6.765,3
6.77,3
6.775,3
6.78,3
6.785,3
6.79,3
6.795,3
6.8,3
6.805,3
6.81,3
6.815,3
6.82,3
6.825,3
6.83,3
6.835,3
6.84,3
6.845,3
6.85,3
6.855,3
6.86,3
6.865,3
6.87,3
6.875,3
6.88,3
6.885,3
6.89,3
6.895,3
6.9,3
6.905,3
6.91,3
6.915,3
6.92,3
6.925,3
6.93,3
6.935,3
6.94,3
6.945,3
6.95,3
6.955,3
6.96,3
6.965,3
6.97,3
6.975,3
6.98,3
6.985,3
6.99,3
6.995,3
7,3
7.005,3
7.01,3
7.015,3
7.02,3
7.025,3
7.03,3
7.035,3
7.04,3
7.045,3
7.05,3
7.055,3
7.06,3
7.065,3
7.07,3
7.075,3
7.08,3
7.085,3
7.09,3
7.095,3
7.1,3
7.105,3
7.11,3
7.115,3
7.12,3
7.125,3
7.13,3
7.135,3
7.14,3
7.145,3
7.15,3
7.155,3
7.16,3
7.165,3
7.17,3
7.175,3
7.18,3
7.185,3
7.19,3
7.195,3
7.2,3
7.205,3
7.21,3
7.215,3
7.22,3
7.225,3
7.23,3
7.235,3
7.24,3
7.245,3
7.25,3
7.255,3
7.26,3
7.265,3
7.27,3
7.275,3
7.28,3
7.285,3
7.29,3
7.295,3
7.3,3
7.305,3
7.31,3
7.315,3
7.32,3
7.325,3
7.33,3
7.335,3
7.34,3
7.345,3
7.35,3
7.355,3
7.36,3
7.365,3
7.37,3
7.375,3
7.38,3
7.385,3
7.39,3
7.395,3
7.4,3
7.405,3
7.41,3
7.415,3
7.42,3
7.425,3
7.43,3
7.435,3
7.44,3
7.445,3
7.45,3
7.455,3
7.46,3
7.465,3
7.47,3
7.475,3
7.48,3
7.485,3
7.49,3
7.495,3
7.5,3
7.505,3
7.51,3
7.515,3
7.52,3
7.525,3
7.53,3
7.535,3
7.54,3
7.545,3
7.55,3
7.555,3
7.56,3
7.565,3
7.57,3
7.575,3
7.58,3
7.585,3
7.59,3
7.595,3
7.6,3
7.605,3
7.61,3
7.615,3
7.62,3
7.625,3
7.63,3
7.635,3
7.64,3
7.645,3
7.65,3
7.655,3
7.66,3
7.665,3
7.67,3
7.675,3
7.68,3
7.685,3
7.69,3
7.695,3
7.7,3
7.705,3
7.71,3
7.715,3
7.72,3
7.725,3
7.73,3
7.735,3
7.74,3
7.745,3
7.75,3
7.755,3
7.76,3
7.765,3
7.77,3
7.775,3
7.78,3
7.785,3
7.79,3
7.795,3
7.8,3
7.805,3
7.81,3
7.815,3
7.82,3
7.825,3
7.83,3
7.835,3
7.84,3
7.845,3
7.85,3
7.855,3
7.86,3
7.865,3
7.87,3
7.875,3
7.88,3
7.885,3
7.89,3
7.895,3
7.9,3
7.905,3
7.91,3
7.915,3
7.92,3
7.925,3
7.93,3
7.935,3
7.94,3
7.945,3
7.95,3
7.955,3
7.96,3
7.965,3
7.97,3
7.975,3
7.98,3
7.985,3
7.99,3
7.995,3
8,3
8.005,3
8.01,3
8.015,3
8.02,3
8.025,3
8.03,3
8.035,3
8.04,3
8.045,3
8.05,3
8.055,3
8.06,2
8.065,2
8.07,2
8.075,2
8.08,2
8.085,2
8.09,2
8.095,2
8.1,2
8.105,2
8.11,2
8.115,2
8.12,2
8.125,2
8.13,2
8.135,2
8.14,2
8.145,2
8.15,2
8.155,2
8.16,2
8.165,2
8.17,2
8.175,2
8.18,2
8.185,2
8.19,2
8.195,2
8.2,2
8.205,2
8.21,2
8.215,2
8.22,2
8.225,2
8.23,2
8.235,2
8.24,2
8.245,2
8.25,2
8.255,2
8.26,2
8.265,2
8.27,2
8.275,2
8.28,2
8.285,2
8.29,2
8.295,2
8.3,2
8.305,2
8.31,2
8.315,2
8.32,2
8.325,2
8.33,2
8.335,2
8.34,2
8.345,2
8.35,2
8.355,2
8.36,2
8.365,2
8.37,2
8.375,2
8.38,2
8.385,2
8.39,2
8.395,2
8.4,2
8.405,2
8.41,2
8.415,2
8.42,2
8.425,2
8.43,2
8.435,2
8.44,2
8.445,2
8.45,2
8.455,2
8.46,2
8.465,2
8.47,2
8.475,2
8.48,2
8.485,2
8.49,2
8.495,2
8.5,2
8.505,2
8.51,2
8.515,2
8.52,2
8.525,2
8.53,2
8.535,2
8.54,2
8.545,2
8.55,2
8.555,2
8.56,2
8.565,2
8.57,2
8.575,2
8.58,2
8.585,2
8.59,2
8.595,2
8.6,2
8.605,2
8.61,2
8.615,2
8.62,2
8.625,2
8.63,2
8.635,2
8.64,2
8.645,2
8.65,2
8.655,2
8.66,2
8.665,2
8.67,2
8.675,2
8.68,2
8.685,2
8.69,2
8.695,2
8.7,2
8.705,2
8.71,2
8.715,2
8.72,2
8.725,2
8.73,2
8.735,2
8.74,3
8.745,3
8.75,3
8.755,3
8.76,3
8.765,3
8.77,3
8.775,3
8.78,3
8.785,3
8.79,3
8.795,3
8.8,3
8.805,3
8.81,3
8.815,3
8.82,3
8.825,3
8.83,3
8.835,3
8.84,3
8.845,3
8.85,3
8.855,3
8.86,3
8.865,3
8.87,3
8.875,3
8.88,3
8.885,3
8.89,3
8.895,3
8.9,3
8.905,3
8.91,3
8.915,3
8.92,3
8.925,3
8.93,3
8.935,3
8.94,3
8.945,3
8.95,3
8.955,3
8.96,3
8.965,3
8.97,3
8.975,3
8.98,3
8.985,3
8.99,3
8.995,3
9,3
9.005,3
9.01,3
9.015,3
9.02,3
9.025,3
9.03,3
9.035,3
9.04,2
9.045,2
9.05,2
9.055,2
9.06,2
9.065,2
9.07,2
9.075,2
9.08,2
9.085,2
9.09,2
9.095,2
9.1,2
9.105,2
9.11,2
9.115,2
9.12,2
9.125,2
9.13,2
9.135,2
9.14,2
9.145,2
9.15,2
9.155,2
9.16,2
9.165,2
9.17,2
9.175,2
9.18,2
9.185,2
9.19,2
9.195,2
9.2,2
9.205,2
9.21,2
9.215,2
9.22,2
9.225,2
9.23,2
9.235,2
9.24,2
9.245,2
9.25,2
9.255,2
9.26,2
9.265,2
9.27,2
9.275,2
9.28,2
9.285,2
9.29,2
9.295,2
9.3,2
9.305,2
9.31,2
9.315,2
9.32,2
9.325,2
9.33,2
9.335,2
9.34,2
9.345,2
9.35,2
9.355,2
9.36,2
9.365,2
9.37,2
9.375,2
9.38,2
9.385,2
9.39,2
9.395,2
9.4,2
9.405,2
9.41,2
9.415,2
9.42,2
9.425,2
9.43,2
9.435,2
9.44,2
9.445,2
9.45,2
9.455,2
9.46,2
9.465,2
9.47,2
9.475,2
9.48,2
9.485,2
9.49,2
9.495,2
9.5,2
9.505,2
9.51,2
9.515,2
9.52,2
9.525,2
9.53,2
9.535,2
9.54,2
9.545,2
9.55,2
9.555,2
9.56,2
9.565,2
9.57,2
9.575,2
9.58,2
9.585,2
9.59,2
9.595,2
9.6,2
9.605,2
9.61,2
9.615,2
9.62,2
9.625,2
9.63,2
9.635,2
9.64,2
9.645,2
9.65,2
9.655,2
9.66,2
9.665,2
9.67,2
9.675,2
9.68,2
9.685,2
9.69,2
9.695,2
9.7,2
9.705,2
9.71,2
9.715,2
9.72,2
9.725,2
9.73,2
9.735,2
9.74,3
9.745,3
9.75,3
9.755,3
9.76,3
9.765,3
9.77,3
9.775,3
9.78,3
9.785,3
9.79,3
9.795,3
9.8,3
9.805,3
9.81,3
9.815,3
9.82,3
9.825,3
9.83,3
9.835,3
9.84,3
9.845,3
9.85,3
9.855,3
9.86,3
9.865,3
9.87,3
9.875,3
9.88,3
9.885,3
9.89,3
9.895,3
9.9,3
9.905,3
9.91,3
9.915,3
9.92,3
9.925,3
9.93,3
9.935,3
9.94,3
9.945,3
9.95,3
9.955,3
9.96,3
9.965,3
9.97,3
9.975,3
9.98,3
9.985,3
9.99,3
9.995,3
10,3
10.005,3
10.01,3
10.015,3
10.02,3
10.025,3
10.03,3
10.035,3
10.04,3
10.045,3
10.05,3
10.055,3
10.06,3
10.065,3
10.07,3
10.075,3
10.08,3
10.085,3
10.09,3
10.095,3
10.1,3
10.105,3
10.11,3
10.115,3
10.12,3
10.125,3
10.13,3
10.135,3
10.14,3
10.145,3
10.15,3
10.155,3
10.16,3
10.165,3
10.17,3
10.175,3
10.18,3
10.185,3
10.19,3
10.195,3
10.2,3
10.205,3
10.21,3
10.215,3
10.22,3
10.225,3
10.23,3
10.235,3
10.24,3
10.245,3
10.25,3
10.255,3
10.26,3
10.265,3
10.27,3
10.275,3
10.28,3
10.285,3
10.29,3
10.295,3
10.3,3
10.305,3
10.31,3
10.315,3
10.32,3
10.325,3
10.33,3
10.335,3
10.34,3
10.345,3
10.35,3
10.355,3
10.36,3
10.365,3
10.37,3
10.375,3
10.38,3
10.385,3
10.39,3
10.395,3
10.4,3
10.405,3
10.41,3
10.415,3
10.42,3
10.425,3
10.43,3
10.435,3
10.44,3
10.445,3
10.45,3
10.455,3
10.46,3
10.465,3
10.47,3
10.475,3
10.48,3
10.485,3
10.49,3
10.495,3
10.5,3
10.505,3
10.51,3
10.515,3
10.52,3
10.525,3
10.53,3
10.535,3
10.54,3
10.545,3
10.55,3
10.555,3
10.56,3
10.565,3
10.57,3
10.575,3
10.58,3
10.585,3
10.59,3
10.595,3
10.6,3
10.605,3
10.61,3
10.615,3
10.62,3
10.625,3
10.63,3
10.635,3
10.64,3
10.645,3
10.65,3
10.655,3
10.66,3
10.665,3
10.67,3
10.675,3
10.68,3
10.685,3
10.69,3
10.695,3
10.7,3
10.705,3
10.71,3
10.715,3
10.72,3
10.725,3
10.73,3
10.735,3
10.74,3
10.745,3
10.75,3
10.755,3
10.76,3
10.765,3
10.77,3
10.775,3
10.78,3
10.785,3
10.79,3
10.795,3
10.8,3
10.805,3
10.81,3
10.815,3
10.82,3
10.825,3
10.83,3
10.835,3
10.84,3
10.845,3
10.85,3
10.855,3
10.86,3
10.865,3
10.87,3
10.875,3
10.88,3
10.885,3
10.89,3
10.895,3
10.9,3
10.905,3
10.91,3
10.915,3
10.92,3
10.925,3
10.93,3
10.935,3
10.94,3
10.945,3
10.95,3
10.955,3
10.96,3
10.965,3
10.97,3
10.975,3
10.98,3
10.985,3
10.99,3
10.995,3
11,3
11.005,3
11.01,3
11.015,3
11.02,3
11.025,3
11.03,3
11.035,3
11.04,3
11.045,3
11.05,3
11.055,3
11.06,3
11.065,3
11.07,3
11.075,3
11.08,3
11.085,3
11.09,3
11.095,3
11.1,3
11.105,3
11.11,3
11.115,3
11.12,3
11.125,3
11.13,3
11.135,3
11.14,3
11.145,3
11.15,3
11.155,3
11.16,3
11.165,3
11.17,3
11.175,3
11.18,3
11.185,3
11.19,3
11.195,3
11.2,3
11.205,3
11.21,3
11.215,3
11.22,3
11.225,3
11.23,3
11.235,3
11.24,3
11.245,3
11.25,3
11.255,3
11.26,3
11.265,3
11.27,3
11.275,3
11.28,3
11.285,3
11.29,3
11.295,3
11.3,3
11.305,3
11.31,3
11.315,3
11.32,3
11.325,3
11.33,3
11.335,3
11.34,3
11.345,3
11.35,3
11.355,3
11.36,3
11.365,3
11.37,3
11.375,3
11.38,3
11.385,3
11.39,3
11.395,3
11.4,3
11.405,3
11.41,3
11.415,3
11.42,3
11.425,3
11.43,3
11.435,3
11.44,3
11.445,3
11.45,3
11.455,3
11.46,3
11.465,3
11.47,3
11.475,3
11.48,3
11.485,3
11.49,3
11.495,3
11.5,3
11.505,3
11.51,3
11.515,3
11.52,3
11.525,3
11.53,3
11.535,3
11.54,3
11.545,3
11.55,3
11.555,3
11.56,3
11.565,3
11.57,3
11.575,3
11.58,3
11.585,3
11.59,3
11.595,3
11.6,3
11.605,3
11.61,3
11.615,3
11.62,3
11.625,3
11.63,3
11.635,3
11.64,3
11.645,3
11.65,3
11.655,3
11.66,3
11.665,3
11.67,3
11.675,3
11.68,3
11.685,3
11.69,3
11.695,3
11.7,3
11.705,3
11.71,3
11.715,3
11.72,3
11.725,3
11.73,3
11.735,3
11.74,3
11.745,3
11.75,3
11.755,3
11.76,3
11.765,3
11.77,3
11.775,3
11.78,3
11.785,3
11.79,3
11.795,3
11.8,3
11.805,3
11.81,3
11.815,3
11.82,3
11.825,3
11.83,3
11.835,3
11.84,3
11.845,3
11.85,3
11.855,3
11.86,3
11.865,3
11.87,3
11.875,3
11.88,3
11.885,3
11.89,3
11.895,3
11.9,3
11.905,3
11.91,3
11.915,3
11.92,3
11.925,3
11.93,3
11.935,3
11.94,3
11.945,3
11.95,3
11.955,3
11.96,3
11.965,3
11.97,3
11.975,3
11.98,3
11.985,3
11.99,3
11.995,3
12,3
12.005,3
12.01,3
12.015,3
12.02,3
12.025,3
12.03,3
12.035,3
12.04,3
12.045,3
12.05,3
12.055,3
12.06,3
12.065,3
12.07,3
12.075,3
12.08,3
12.085,3
12.09,3
12.095,3
12.1,3
12.105,3
12.11,3
12.115,3
12.12,3
12.125,3
12.13,3
12.135,3
12.14,3
12.145,3
12.15,3
12.155,3
12.16,3
12.165,3
12.17,3
12.175,3
12.18,3
12.185,3
12.19,3
12.195,3
12.2,3
12.205,3
12.21,3
12.215,3
12.22,3
12.225,3
12.23,3
12.235,3
12.24,3
12.245,3
12.25,3
12.255,3
12.26,3
12.265,3
12.27,3
12.275,3
12.28,3
12.285,3
12.29,3
12.295,3
12.3,3
12.305,3
12.31,3
12.315,3
12.32,3
12.325,3
12.33,3
12.335,3
12.34,3
12.345,3
12.35,3
12.355,3
12.36,3
12.365,3
12.37,3
12.375,3
12.38,3
12.385,3
12.39,3
12.395,3
12.4,3
12.405,3
12.41,3
12.415,3
12.42,3
12.425,3
12.43,3
12.435,3
12.44,3
12.445,3
12.45,3
12.455,3
12.46,3
12.465,3
12.47,3
12.475,3
12.48,3
12.485,3
12.49,3
12.495,3
12.5,3
12.505,3
12.51,3
12.515,3
12.52,3
12.525,3
12.53,3
12.535,3
12.54,3
12.545,3
12.55,3
12.555,3
12.56,3
12.565,3
12.57,3
12.575,3
12.58,3
12.585,3
12.59,3
12.595,3
12.6,3
12.605,3
12.61,3
12.615,3
12.62,3
12.625,3
12.63,3
12.635,3
12.64,3
12.645,3
12.65,3
12.655,3
12.66,3
12.665,3
12.67,3
12.675,3
12.68,3
12.685,3
12.69,3
12.695,3
12.7,3
12.705,3
12.71,3
12.715,3
12.72,3
12.725,3
12.73,3
12.735,3
12.74,3
12.745,3
12.75,3
12.755,3
12.76,3
12.765,3
12.77,3
12.775,3
12.78,3
12.785,3
12.79,3
12.795,3
12.8,3
12.805,3
12.81,3
12.815,3
12.82,3
12.825,3
12.83,3
12.835,3
12.84,3
12.845,3
12.85,3
12.855,3
12.86,3
12.865,3
12.87,3
12.875,3
12.88,3
12.885,3
12.89,3
12.895,3
12.9,3
12.905,3
12.91,3
12.915,3
12.92,3
12.925,3
12.93,3
12.935,3
12.94,3
12.945,3
12.95,3
12.955,3
12.96,3
12.965,3
12.97,3
12.975,3
12.98,3
12.985,3
12.99,3
12.995,3
13,3
13.005,3
13.01,3
13.015,3
13.02,3
13.025,3
13.03,3
13.035,3
13.04,3
13.045,3
13.05,3
13.055,3
13.06,3
13.065,3
13.07,3
13.075,3
13.08,3
13.085,3
13.09,3
13.095,3
13.1,3
13.105,3
13.11,3
13.115,3
13.12,3
13.125,3
13.13,3
13.135,3
13.14,3
13.145,3
13.15,3
13.155,3
13.16,3
13.165,3
13.17,3
13.175,3
13.18,3
13.185,3
13.19,3
13.195,3
13.2,3
13.205,3
13.21,3
13.215,3
13.22,3
13.225,3
13.23,3
13.235,3
13.24,3
13.245,3
13.25,3
13.255,3
13.26,3
13.265,3
13.27,3
13.275,3
13.28,3
13.285,3
13.29,3
13.295,3
13.3,3
13.305,3
13.31,3
13.315,3
13.32,3
13.325,3
13.33,3
13.335,3
13.34,3
13.345,3
13.35,3
13.355,3
13.36,3
13.365,3
13.37,3
13.375,3
13.38,3
13.385,3
13.39,3
13.395,3
13.4,3
13.405,3
13.41,3
13.415,3
13.42,3
13.425,3
13.43,3
13.435,3
13.44,3
13.445,3
13.45,3
13.455,3
13.46,3
13.465,3
13.47,3
13.475,3
13.48,3
13.485,3
13.49,3
13.495,3
13.5,3
13.505,3
13.51,3
13.515,3
13.52,3
13.525,3
13.53,3
13.535,3
13.54,3
13.545,3
13.55,3
13.555,3
13.56,3
13.565,3
13.57,3
13.575,3
13.58,3
13.585,3
13.59,3
13.595,3
13.6,3
13.605,3
13.61,3
13.615,3
13.62,3
13.625,3
13.63,3
13.635,3
13.64,3
13.645,3
13.65,3
13.655,3
13.66,3
13.665,3
13.67,3
13.675,3
13.68,3
13.685,3
13.69,3
13.695,3
13.7,3
13.705,3
13.71,3
13.715,3
13.72,3
13.725,3
13.73,3
13.735,3
13.74,3
13.745,3
13.75,3
13.755,3
13.76,3
13.765,3
13.77,3
13.775,3
13.78,3
13.785,3
13.79,3
13.795,3
13.8,3
13.805,3
13.81,3
13.815,3
13.82,3
13.825,3
13.83,3
13.835,3
13.84,3
13.845,3
13.85,3
13.855,3
13.86,3
13.865,3
13.87,3
13.875,3
13.88,3
13.885,3
13.89,3
13.895,3
13.9,3
13.905,3
13.91,3
13.915,3
13.92,3
13.925,3
13.93,3
13.935,3
13.94,3
13.945,3
13.95,3
13.955,3
13.96,3
13.965,3
13.97,3
13.975,3
13.98,3
13.985,3
13.99,3
13.995,3
14,3
14.005,3
14.01,3
14.015,3
14.02,3
14.025,3
14.03,3
14.035,3
14.04,3
14.045,3
14.05,3
14.055,3
14.06,3
14.065,3
14.07,3
14.075,3
14.08,3
14.085,3
14.09,3
14.095,3
14.1,3
14.105,3
14.11,3
14.115,3
14.12,3
14.125,3
14.13,3
14.135,3
14.14,3
14.145,3
14.15,3
14.155,3
14.16,3
14.165,3
14.17,3
14.175,3
14.18,3
14.185,3
14.19,3
14.195,3
14.2,3
14.205,3
14.21,3
14.215,3
14.22,3
14.225,3
14.23,3
14.235,3
14.24,3
14.245,3
14.25,3
14.255,3
14.26,3
14.265,3
14.27,3
14.275,3
14.28,3
14.285,3
