time_s,Mux_Safety_Status_1_ch1,Mux_Safety_Status_1_ch2,Mux_Safety_Status_1_ch3,Mux_Safety_Status_1_ch4,Mux_Safety_Status_1_ch5,Mux_Safety_Status_1_ch6,Mux_Safety_Status_1_ch7,Mux_Safety_Status_1_ch8
0,0,2,4,6,8,10,13,14
0.005,0,2,4,6,8,10,13,14
0.01,0,2,4,6,8,10,13,14
0.015,0,2,4,6,8,10,13,14
0.02,0,2,4,6,8,10,13,14
0.025,0,2,4,6,8,10,13,14
0.03,0,2,4,6,8,10,13,14
0.035,0,2,4,6,8,10,13,14
0.04,0,2,4,6,8,10,13,14
0.045,0,2,4,6,8,10,13,14
0.05,0,2,4,6,8,10,13,14
0.055,0,2,4,6,8,10,13,14
0.06,0,2,4,6,8,10,13,14
0.065,0,2,4,6,8,10,13,14
0.07,0,2,4,6,8,10,13,14
0.075,0,2,4,6,8,10,13,14
0.08,0,2,4,6,8,10,13,14
0.085,0,2,4,6,8,10,13,14
0.09,0,2,4,6,8,10,13,14
0.095,0,2,4,6,8,10,13,14
0.1,0,2,4,6,8,10,13,14
0.105,0,2,4,6,8,10,13,14
0.11,0,2,4,6,8,10,13,14
0.115,0,2,4,6,8,10,13,14
0.12,0,2,4,6,8,10,13,14
0.125,0,2,4,6,8,10,13,14
0.13,0,2,4,6,8,10,13,14
0.135,0,2,4,6,8,10,13,14
0.14,0,2,4,6,8,10,13,14
0.145,0,2,4,6,8,10,13,14
0.15,0,2,4,6,8,10,13,14
0.155,0,2,4,6,8,10,13,14
0.16,0,2,4,6,8,10,13,14
0.165,0,2,4,6,8,10,13,14
0.17,0,2,4,6,8,10,13,14
0.175,0,2,4,6,8,10,13,14
0.18,0,2,4,6,8,10,13,14
0.185,0,2,4,6,8,10,13,14
0.19,0,2,4,6,8,10,13,14
0.195,0,2,4,6,8,10,13,14
0.2,0,2,4,6,8,10,13,14
0.205,0,2,4,6,8,10,13,14
0.21,0,2,4,6,8,10,13,14
0.215,0,2,4,6,8,10,13,14
0.22,0,2,4,6,8,10,13,14
0.225,0,2,4,6,8,10,13,14
0.23,0,2,4,6,8,10,13,14
0.235,0,2,4,6,8,10,13,14
0.24,0,2,4,6,8,10,13,14
0.245,0,2,4,6,8,10,13,14
0.25,0,2,4,6,8,10,13,14
0.255,0,2,4,6,8,10,13,14
0.26,0,2,4,6,8,10,13,14
0.265,0,2,4,6,8,10,13,14
0.27,0,2,4,6,8,10,13,14
0.275,0,2,4,6,8,10,13,14
0.28,0,2,4,6,8,10,13,14
0.285,0,2,4,6,8,10,13,14
0.29,0,2,4,6,8,10,13,14
0.295,0,2,4,6,8,10,13,14
0.3,0,2,4,6,8,10,13,14
0.305,0,2,4,6,8,10,13,14
0.31,0,2,4,6,8,10,13,14
0.315,0,2,4,6,8,10,13,14
0.32,0,2,4,6,8,10,13,14
0.325,0,2,4,6,8,10,13,14
0.33,0,2,4,6,8,10,13,14
0.335,0,2,4,6,8,10,13,14
0.34,0,2,4,6,8,10,13,14
0.345,0,2,4,6,8,10,13,14
0.35,0,2,4,6,8,10,13,14
0.355,0,2,4,6,8,10,13,14
0.36,0,2,4,6,8,10,13,14
0.365,0,2,4,6,8,10,13,14
0.37,0,2,4,6,8,10,13,14
0.375,0,2,4,6,8,10,13,14
0.38,0,2,4,6,8,10,13,14
0.385,0,2,4,6,8,10,13,14
0.39,0,2,4,6,8,10,13,14
0.395,0,2,4,6,8,10,13,14
0.4,0,2,4,6,8,10,13,14
0.405,0,2,4,6,8,10,13,14
0.41,0,2,4,6,8,10,13,14
0.415,0,2,4,6,8,10,13,14
0.42,0,2,4,6,8,10,13,14
0.425,0,2,4,6,8,10,13,14
0.43,0,2,4,6,8,10,13,14
0.435,0,2,4,6,8,10,13,14
0.44,0,2,4,6,8,10,13,14
0.445,0,2,4,6,8,10,13,14
0.45,0,2,4,6,8,10,13,14
0.455,0,2,4,6,8,10,13,14
0.46,0,2,4,6,8,10,13,14
0.465,0,2,4,6,8,10,13,14
0.47,0,2,4,6,8,10,13,14
0.475,0,2,4,6,8,10,13,14
0.48,0,2,4,6,8,10,13,14
0.485,0,2,4,6,8,10,13,14
0.49,0,2,4,6,8,10,13,14
0.495,0,2,4,6,8,10,13,14
0.5,0,2,4,6,8,10,13,14
0.505,0,2,4,6,8,10,13,14
0.51,0,2,4,6,8,10,13,14
0.515,0,2,4,6,8,10,13,14
0.52,0,2,4,6,8,10,13,14
0.525,0,2,4,6,8,10,13,14
0.53,0,2,4,6,8,10,13,14
0.535,0,2,4,6,8,10,13,14
0.54,0,2,4,6,8,10,13,14
0.545,0,2,4,6,8,10,13,14
0.55,0,2,4,6,8,10,13,14
0.555,0,2,4,6,8,10,13,14
0.56,0,2,4,6,8,10,13,14
0.565,0,2,4,6,8,10,13,14
0.57,0,2,4,6,8,10,13,14
0.575,0,2,4,6,8,10,13,14
0.58,0,2,4,6,8,10,13,14
0.585,0,2,4,6,8,10,13,14
0.59,0,2,4,6,8,10,13,14
0.595,0,2,4,6,8,10,13,14
0.6,0,2,4,6,8,10,13,14
0.605,0,2,4,6,8,10,13,14
0.61,0,2,4,6,8,10,13,14
0.615,0,2,4,6,8,10,13,14
0.62,0,2,4,6,8,10,13,14
0.625,0,2,4,6,8,10,13,14
0.63,0,2,4,6,8,10,13,14
0.635,0,2,4,6,8,10,13,14
0.64,0,2,4,6,8,10,13,14
0.645,0,2,4,6,8,10,13,14
0.65,0,2,4,6,8,10,13,14
0.655,0,2,4,6,8,10,13,14
0.66,0,2,4,6,8,10,13,14
0.665,0,2,4,6,8,10,13,14
0.67,0,2,4,6,8,10,13,14
0.675,0,2,4,6,8,10,13,14
0.68,0,2,4,6,8,10,13,14
0.685,0,2,4,6,8,10,13,14
0.69,0,2,4,6,8,10,13,14
0.695,0,2,4,6,8,10,13,14
0.7,0,2,4,6,8,10,13,14
0.705,0,2,4,6,8,10,13,14
0.71,0,2,4,6,8,10,13,14
0.715,0,2,4,6,8,10,13,14
0.72,0,2,4,6,8,10,13,14
0.725,0,2,4,6,8,10,13,14
0.73,0,2,4,6,8,10,13,14
0.735,0,2,4,6,8,10,13,14
0.74,0,2,4,6,8,10,13,14
0.745,0,2,4,6,8,10,13,14
0.75,0,2,4,6,8,10,13,14
0.755,0,2,4,6,8,10,13,14
0.76,0,2,4,6,8,10,13,14
0.765,0,2,4,6,8,10,13,14
0.77,0,2,4,6,8,10,13,14
0.775,0,2,4,6,8,10,13,14
0.78,0,2,4,6,8,10,13,14
0.785,0,2,4,6,8,10,13,14
0.79,0,2,4,6,8,10,13,14
0.795,0,2,4,6,8,10,13,14
0.8,0,2,4,6,8,10,13,14
0.805,0,2,4,6,8,10,13,14
0.81,0,2,4,6,8,10,13,14
0.815,0,2,4,6,8,10,13,14
0.82,0,2,4,6,8,10,13,14
0.825,0,2,4,6,8,10,13,14
0.83,0,2,4,6,8,10,13,14
0.835,0,2,4,6,8,10,13,14
0.84,0,2,4,6,8,10,13,14
0.845,0,2,4,6,8,10,13,14
0.85,0,2,4,6,8,10,13,14
0.855,0,2,4,6,8,10,13,14
0.86,0,2,4,6,8,10,13,14
0.865,0,2,4,6,8,10,13,14
0.87,0,2,4,6,8,10,13,14
0.875,0,2,4,6,8,10,13,14
0.88,0,2,4,6,8,10,13,14
0.885,0,2,4,6,8,10,13,14
0.89,0,2,4,6,8,10,13,14
0.895,0,2,4,6,8,10,13,14
0.9,0,2,4,6,8,10,13,14
0.905,0,2,4,6,8,10,13,14
0.91,0,2,4,6,8,10,13,14
0.915,0,2,4,6,8,10,13,14
0.92,0,2,4,6,8,10,13,14
0.925,0,2,4,6,8,10,13,14
0.93,0,2,4,6,8,10,13,14
0.935,0,2,4,6,8,10,13,14
0.94,0,2,4,6,8,10,13,14
0.945,0,2,4,6,8,10,13,14
0.95,0,2,4,6,8,10,13,14
0.955,0,2,4,6,8,10,13,14
0.96,0,2,4,6,8,10,13,14
0.965,0,2,4,6,8,10,13,14
0.97,0,2,4,6,8,10,13,14
0.975,0,2,4,6,8,10,13,14
0.98,0,2,4,6,8,10,13,14
0.985,0,2,4,6,8,10,13,14
0.99,0,2,4,6,8,10,13,14
0.995,0,2,4,6,8,10,13,14
1,0,2,4,6,8,10,13,14
1.005,0,2,4,6,8,10,13,14
1.01,0,2,4,6,8,10,13,14
1.015,0,2,4,6,8,10,13,14
1.02,0,2,4,6,8,10,13,14
1.025,0,2,4,6,8,10,13,14
1.03,0,2,4,6,8,10,13,14
1.035,0,2,4,6,8,10,13,14
1.04,0,2,4,6,8,10,13,14
1.045,0,2,4,6,8,10,13,14
1.05,0,2,4,6,8,10,13,14
1.055,0,2,4,6,8,10,13,14
1.06,0,2,4,6,8,10,13,14
1.065,0,2,4,6,8,10,13,14
1.07,0,2,4,6,8,10,13,14
1.075,0,2,4,6,8,10,13,14
1.08,0,2,4,6,8,10,13,14
1.085,0,2,4,6,8,10,13,14
1.09,0,2,4,6,8,10,13,14
1.095,0,2,4,6,8,10,13,14
1.1,0,2,4,6,8,10,13,14
1.105,0,2,4,6,8,10,13,14
1.11,0,2,4,6,8,10,13,14
1.115,0,2,4,6,8,10,13,14
1.12,0,2,4,6,8,10,13,14
1.125,0,2,4,6,8,10,13,14
1.13,0,2,4,6,8,10,13,14
1.135,0,2,4,6,8,10,13,14
1.14,0,2,4,6,8,10,13,14
1.145,0,2,4,6,8,10,13,14
1.15,0,2,4,6,8,10,13,14
1.155,0,2,4,6,8,10,13,14
1.16,0,2,4,6,8,10,13,14
1.165,0,2,4,6,8,10,13,14
1.17,0,2,4,6,8,10,13,14
1.175,0,2,4,6,8,10,13,14
1.18,0,2,4,6,8,10,13,14
1.185,0,2,4,6,8,10,13,14
1.19,0,2,4,6,8,10,13,14
1.195,0,2,4,6,8,10,13,14
1.2,0,2,4,6,8,10,13,14
1.205,0,2,4,6,8,10,13,14
1.21,0,2,4,6,8,10,13,14
1.215,0,2,4,6,8,10,13,14
1.22,0,2,4,6,8,10,13,14
1.225,0,2,4,6,8,10,13,14
1.23,0,2,4,6,8,10,13,14
1.235,0,2,4,6,8,10,13,14
1.24,0,2,4,6,8,10,13,14
1.245,0,2,4,6,8,10,13,14
1.25,0,2,4,6,8,10,13,14
1.255,0,2,4,6,8,10,13,14
1.26,0,2,4,6,8,10,13,14
1.265,0,2,4,6,8,10,13,14
1.27,0,2,4,6,8,10,13,14
1.275,0,2,4,6,8,10,13,14
1.28,0,2,4,6,8,10,13,14
1.285,0,2,4,6,8,10,13,14
1.29,0,2,4,6,8,10,13,14
1.295,0,2,4,6,8,10,13,14
1.3,0,2,4,6,8,10,13,14
1.305,0,2,4,6,8,10,13,14
1.31,0,2,4,6,8,10,13,14
1.315,0,2,4,6,8,10,13,14
1.32,0,2,4,6,8,10,13,14
1.325,0,2,4,6,8,10,13,14
1.33,0,2,4,6,8,10,13,14
1.335,0,2,4,6,8,10,13,14
1.34,0,2,4,6,8,10,13,14
1.345,0,2,4,6,8,10,13,14
1.35,0,2,4,6,8,10,13,14
1.355,0,2,4,6,8,10,13,14
1.36,0,2,4,6,8,10,13,14
1.365,0,2,4,6,8,10,13,14
1.37,0,2,4,6,8,10,13,14
1.375,0,2,4,6,8,10,13,14
1.38,0,2,4,6,8,10,13,14
1.385,0,2,4,6,8,10,13,14
1.39,0,2,4,6,8,10,13,14
1.395,0,2,4,6,8,10,13,14
1.4,0,2,4,6,8,10,13,14
1.405,0,2,4,6,8,10,13,14
1.41,0,2,4,6,8,10,13,14
1.415,0,2,4,6,8,10,13,14
1.42,0,2,4,6,8,10,13,14
1.425,0,2,4,6,8,10,13,14
1.43,0,2,4,6,8,10,13,14
1.435,0,2,4,6,8,10,13,14
1.44,0,2,4,6,8,10,13,14
1.445,0,2,4,6,8,10,13,14
1.45,0,2,4,6,8,10,13,14
1.455,0,2,4,6,8,10,13,14
1.46,0,2,4,6,8,10,13,14
1.465,0,2,4,6,8,10,13,14
1.47,0,2,4,6,8,10,13,14
1.475,0,2,4,6,8,10,13,14
1.48,0,2,4,6,8,10,13,14
1.485,0,2,4,6,8,10,13,14
1.49,0,2,4,6,8,10,13,14
1.495,0,2,4,6,8,10,13,14
1.5,0,2,4,6,8,10,13,14
1.505,0,2,4,6,8,10,13,14
1.51,0,2,4,6,8,10,13,14
1.515,0,2,4,6,8,10,13,14
1.52,0,2,4,6,8,10,13,14
1.525,0,2,4,6,8,10,13,14
1.53,0,2,4,6,8,10,13,14
1.535,0,2,4,6,8,10,13,14
1.54,0,2,4,6,8,10,13,14
1.545,0,2,4,6,8,10,13,14
1.55,0,2,4,6,8,10,13,14
1.555,0,2,4,6,8,10,13,14
1.56,0,2,4,6,8,10,13,14
1.565,0,2,4,6,8,10,13,14
1.57,0,2,4,6,8,10,13,14
1.575,0,2,4,6,8,10,13,14
1.58,0,2,4,6,8,10,13,14
1.585,0,2,4,6,8,10,13,14
1.59,0,2,4,6,8,10,13,14
1.595,0,2,4,6,8,10,13,14
1.6,0,2,4,6,8,10,13,14
1.605,0,2,4,6,8,10,13,14
1.61,0,2,4,6,8,10,13,14
1.615,0,2,4,6,8,10,13,14
1.62,0,2,4,6,8,10,13,14
1.625,0,2,4,6,8,10,13,14
1.63,0,2,4,6,8,10,13,14
1.635,0,2,4,6,8,10,13,14
1.64,0,2,4,6,8,10,13,14
1.645,0,2,4,6,8,10,13,14
1.65,0,2,4,6,8,10,13,14
1.655,0,2,4,6,8,10,13,14
1.66,0,2,4,6,8,10,13,14
1.665,0,2,4,6,8,10,13,14
1.67,0,2,4,6,8,10,13,14
1.675,0,2,4,6,8,10,13,14
1.68,0,2,4,6,8,10,13,14
1.685,0,2,4,6,8,10,13,14
1.69,0,2,4,6,8,10,13,14
1.695,0,2,4,6,8,10,13,14
1.7,0,2,4,6,8,10,13,14
1.705,0,2,4,6,8,10,13,14
1.71,0,2,4,6,8,10,13,14
1.715,0,2,4,6,8,10,13,14
1.72,0,2,4,6,8,10,13,14
1.725,0,2,4,6,8,10,13,14
1.73,0,2,4,6,8,10,13,14
1.735,0,2,4,6,8,10,13,14
1.74,0,2,4,6,8,10,13,14
1.745,0,2,4,6,8,10,13,14
1.75,0,2,4,6,8,10,13,14
1.755,0,2,4,6,8,10,13,14
1.76,0,2,4,6,8,10,13,14
1.765,0,2,4,6,8,10,13,14
1.77,0,2,4,6,8,10,13,14
1.775,0,2,4,6,8,10,13,14
1.78,0,2,4,6,8,10,13,14
1.785,0,2,4,6,8,10,13,14
1.79,0,2,4,6,8,10,13,14
1.795,0,2,4,6,8,10,13,14
1.8,0,2,4,6,8,10,13,14
1.805,0,2,4,6,8,10,13,14
1.81,0,2,4,6,8,10,13,14
1.815,0,2,4,6,8,10,13,14
1.82,0,2,4,6,8,10,13,14
1.825,0,2,4,6,8,10,13,14
1.83,0,2,4,6,8,10,13,14
1.835,0,2,4,6,8,10,13,14
1.84,0,2,4,6,8,10,13,14
1.845,0,2,4,6,8,10,13,14
1.85,0,2,4,6,8,10,13,14
1.855,0,2,4,6,8,10,13,14
1.86,0,2,4,6,8,10,13,14
1.865,0,2,4,6,8,10,13,14
1.87,0,2,4,6,8,10,13,14
1.875,0,2,4,6,8,10,13,14
1.88,0,2,4,6,8,10,13,14
1.885,0,2,4,6,8,10,13,14
1.89,0,2,4,6,8,10,13,14
1.895,0,2,4,6,8,10,13,14
1.9,0,2,4,6,8,10,13,14
1.905,0,2,4,6,8,10,13,14
1.91,0,2,4,6,8,10,13,14
1.915,0,2,4,6,8,10,13,14
1.92,0,2,4,6,8,10,13,14
1.925,0,2,4,6,8,10,13,14
1.93,0,2,4,6,8,10,13,14
1.935,0,2,4,6,8,10,13,14
1.94,0,2,4,6,8,10,13,14
1.945,0,2,4,6,8,10,13,14
1.95,0,2,4,6,8,10,13,14
1.955,0,2,4,6,8,10,13,14
1.96,0,2,4,6,8,10,13,14
1.965,0,2,4,6,8,10,13,14
1.97,0,2,4,6,8,10,13,14
1.975,0,2,4,6,8,10,13,14
1.98,0,2,4,6,8,10,13,14
1.985,0,2,4,6,8,10,13,14
1.99,0,2,4,6,8,10,13,14
1.995,0,2,4,6,8,10,13,14
2,0,2,4,6,8,10,13,14
2.005,0,2,4,6,8,10,13,14
2.01,0,2,4,6,8,10,13,14
2.015,0,2,4,6,8,10,13,14
2.02,0,2,4,6,8,10,13,14
2.025,0,2,4,6,8,10,13,14
2.03,0,2,4,6,8,10,13,14
2.035,0,2,4,6,8,10,13,14
2.04,0,2,4,6,8,10,13,14
2.045,0,2,4,6,8,10,13,14
2.05,0,2,4,6,8,10,13,14
2.055,0,2,4,6,8,10,13,14
2.06,0,2,4,6,8,10,13,14
2.065,0,2,4,6,8,10,13,14
2.07,0,2,4,6,8,10,13,14
2.075,0,2,4,6,8,10,13,14
2.08,0,2,4,6,8,10,13,14
2.085,0,2,4,6,8,10,13,14
2.09,0,2,4,6,8,10,13,14
2.095,0,2,4,6,8,10,13,14
2.1,0,2,4,6,8,10,13,14
2.105,0,2,4,6,8,10,13,14
2.11,0,2,4,6,8,10,13,14
2.115,0,2,4,6,8,10,13,14
2.12,0,2,4,6,8,10,13,14
2.125,0,2,4,6,8,10,13,14
2.13,0,2,4,6,8,10,13,14
2.135,0,2,4,6,8,10,13,14
2.14,0,2,4,6,8,10,13,14
2.145,0,2,4,6,8,10,13,14
2.15,0,2,4,6,8,10,13,14
2.155,0,2,4,6,8,10,13,14
2.16,0,2,4,6,8,10,13,14
2.165,0,2,4,6,8,10,13,14
2.17,0,2,4,6,8,10,13,14
2.175,0,2,4,6,8,10,13,14
2.18,0,2,4,6,8,10,13,14
2.185,0,2,4,6,8,10,13,14
2.19,0,2,4,6,8,10,13,14
2.195,0,2,4,6,8,10,13,14
2.2,0,2,4,6,8,10,13,14
2.205,0,2,4,6,8,10,13,14
2.21,0,2,4,6,8,10,13,14
2.215,0,2,4,6,8,10,13,14
2.22,0,2,4,6,8,10,13,14
2.225,0,2,4,6,8,10,13,14
2.23,0,2,4,6,8,10,13,14
2.235,0,2,4,6,8,10,13,14
2.24,0,2,4,6,8,10,13,14
2.245,0,2,4,6,8,10,13,14
2.25,0,2,4,6,8,10,13,14
2.255,0,2,4,6,8,10,13,14
2.26,0,2,4,6,8,10,13,14
2.265,0,2,4,6,8,10,13,14
2.27,0,2,4,6,8,10,13,14
2.275,0,2,4,6,8,10,13,14
2.28,0,2,4,6,8,10,13,14
2.285,0,2,4,6,8,10,13,14
2.29,0,2,4,6,8,10,13,14
2.295,0,2,4,6,8,10,13,14
2.3,0,2,4,6,8,10,13,14
2.305,0,2,4,6,8,10,13,14
2.31,0,2,4,6,8,10,13,14
2.315,0,2,4,6,8,10,13,14
2.32,0,2,4,6,8,10,13,14
2.325,0,2,4,6,8,10,13,14
2.33,0,2,4,6,8,10,13,14
2.335,0,2,4,6,8,10,13,14
2.34,0,2,4,6,8,10,13,14
2.345,0,2,4,6,8,10,13,14
2.35,0,2,4,6,8,10,13,14
2.355,0,2,4,6,8,10,13,14
2.36,0,2,4,6,8,10,13,14
2.365,0,2,4,6,8,10,13,14
2.37,0,2,4,6,8,10,13,14
2.375,0,2,4,6,8,10,13,14
2.38,0,2,4,6,8,10,13,14
2.385,0,2,4,6,8,10,13,14
2.39,0,2,4,6,8,10,13,14
2.395,0,2,4,6,8,10,13,14
2.4,0,2,4,6,8,10,13,14
2.405,0,2,4,6,8,10,13,14
2.41,0,2,4,6,8,10,13,14
2.415,0,2,4,6,8,10,13,14
2.42,0,2,4,6,8,10,13,14
2.425,0,2,4,6,8,10,13,14
2.43,0,2,4,6,8,10,13,14
2.435,0,2,4,6,8,10,13,14
2.44,0,2,4,6,8,10,13,14
2.445,0,2,4,6,8,10,13,14
2.45,0,2,4,6,8,10,13,14
2.455,0,2,4,6,8,10,13,14
2.46,0,2,4,6,8,10,13,14
2.465,0,2,4,6,8,10,13,14
2.47,0,2,4,6,8,10,13,14
2.475,0,2,4,6,8,10,13,14
2.48,0,2,4,6,8,10,13,14
2.485,0,2,4,6,8,10,13,14
2.49,0,2,4,6,8,10,13,14
2.495,0,2,4,6,8,10,13,14
2.5,0,2,4,6,8,10,13,14
2.505,0,2,4,6,8,10,13,14
2.51,0,2,4,6,8,10,13,14
2.515,0,2,4,6,8,10,13,14
2.52,0,2,4,6,8,10,13,14
2.525,0,2,4,6,8,10,13,14
2.53,0,2,4,6,8,10,13,14
2.535,0,2,4,6,8,10,13,14
2.54,0,2,4,6,8,10,13,14
2.545,0,2,4,6,8,10,13,14
2.55,0,2,4,6,8,10,13,14
2.555,0,2,4,6,8,10,13,14
2.56,0,2,4,6,8,10,13,14
2.565,0,2,4,6,8,10,13,14
2.57,0,2,4,6,8,10,13,14
2.575,0,2,4,6,8,10,13,14
2.58,0,2,4,6,8,10,13,14
2.585,0,2,4,6,8,10,13,14
2.59,0,2,4,6,8,10,13,14
2.595,0,2,4,6,8,10,13,14
2.6,0,2,4,6,8,10,13,14
2.605,0,2,4,6,8,10,13,14
2.61,0,2,4,6,8,10,13,14
2.615,0,2,4,6,8,10,13,14
2.62,0,2,4,6,8,10,13,14
2.625,0,2,4,6,8,10,13,14
2.63,0,2,4,6,8,10,13,14
2.635,0,2,4,6,8,10,13,14
2.64,0,2,4,6,8,10,13,14
2.645,0,2,4,6,8,10,13,14
2.65,0,2,4,6,8,10,13,14
2.655,0,2,4,6,8,10,13,14
2.66,0,2,4,6,8,10,13,14
2.665,0,2,4,6,8,10,13,14
2.67,0,2,4,6,8,10,13,14
2.675,0,2,4,6,8,10,13,14
2.68,0,2,4,6,8,10,13,14
2.685,0,2,4,6,8,10,13,14
2.69,0,2,4,6,8,10,13,14
2.695,0,2,4,6,8,10,13,14
2.7,0,2,4,6,8,10,13,14
2.705,0,2,4,6,8,10,13,14
2.71,0,2,4,6,8,10,13,14
2.715,0,2,4,6,8,10,13,14
2.72,0,2,4,6,8,10,13,14
2.725,0,2,4,6,8,10,13,14
2.73,0,2,4,6,8,10,13,14
2.735,0,2,4,6,8,10,13,14
2.74,0,2,4,6,8,10,13,14
2.745,0,2,4,6,8,10,13,14
2.75,0,2,4,6,8,10,13,14
2.755,0,2,4,6,8,10,13,14
2.76,0,2,4,6,8,10,13,14
2.765,0,2,4,6,8,10,13,14
2.77,0,2,4,6,8,10,13,14
2.775,0,2,4,6,8,10,13,14
2.78,0,2,4,6,8,10,13,14
2.785,0,2,4,6,8,10,13,14
2.79,0,2,4,6,8,10,13,14
2.795,0,2,4,6,8,10,13,14
2.8,0,2,4,6,8,10,13,14
2.805,0,2,4,6,8,10,13,14
2.81,0,2,4,6,8,10,13,14
2.815,0,2,4,6,8,10,13,14
2.82,0,2,4,6,8,10,13,14
2.825,0,2,4,6,8,10,13,14
2.83,0,2,4,6,8,10,13,14
2.835,0,2,4,6,8,10,13,14
2.84,0,2,4,6,8,10,13,14
2.845,0,2,4,6,8,10,13,14
2.85,0,2,4,6,8,10,13,14
2.855,0,2,4,6,8,10,13,14
2.86,0,2,4,6,8,10,13,14
2.865,0,2,4,6,8,10,13,14
2.87,0,2,4,6,8,10,13,14
2.875,0,2,4,6,8,10,13,14
2.88,0,2,4,6,8,10,13,14
2.885,0,2,4,6,8,10,13,14
2.89,0,2,4,6,8,10,13,14
2.895,0,2,4,6,8,10,13,14
2.9,0,2,4,6,8,10,13,14
2.905,0,2,4,6,8,10,13,14
2.91,0,2,4,6,8,10,13,14
2.915,0,2,4,6,8,10,13,14
2.92,0,2,4,6,8,10,13,14
2.925,0,2,4,6,8,10,13,14
2.93,0,2,4,6,8,10,13,14
2.935,0,2,4,6,8,10,13,14
2.94,0,2,4,6,8,10,13,14
2.945,0,2,4,6,8,10,13,14
2.95,0,2,4,6,8,10,13,14
2.955,0,2,4,6,8,10,13,14
2.96,0,2,4,6,8,10,13,14
2.965,0,2,4,6,8,10,13,14
2.97,0,2,4,6,8,10,13,14
2.975,0,2,4,6,8,10,13,14
2.98,0,2,4,6,8,10,13,14
2.985,0,2,4,6,8,10,13,14
2.99,0,2,4,6,8,10,13,14
2.995,0,2,4,6,8,10,13,14
3,0,2,4,6,8,10,13,14
3.005,0,2,4,6,8,10,13,14
3.01,0,2,4,6,8,10,13,14
3.015,0,2,4,6,8,10,13,14
3.02,0,2,4,6,8,10,13,14
3.025,0,2,4,6,8,10,13,14
3.03,0,2,4,6,8,10,13,14
3.035,0,2,4,6,8,10,13,14
3.04,0,2,4,6,8,10,13,14
3.045,0,2,4,6,8,10,13,14
3.05,0,2,4,6,8,10,13,14
3.055,0,2,4,6,8,10,13,14
3.06,0,2,4,6,8,10,13,14
3.065,0,2,4,6,8,10,13,14
3.07,0,2,4,6,8,10,13,14
3.075,0,2,4,6,8,10,13,14
3.08,0,2,4,6,8,10,13,14
3.085,0,2,4,6,8,10,13,14
3.09,0,2,4,6,8,10,13,14
3.095,0,2,4,6,8,10,13,14
3.1,0,2,4,6,8,10,13,14
3.105,0,2,4,6,8,10,13,14
3.11,0,2,4,6,8,10,13,14
3.115,0,2,4,6,8,10,13,14
3.12,0,2,4,6,8,10,13,14
3.125,0,2,4,6,8,10,13,14
3.13,0,2,4,6,8,10,13,14
3.135,0,2,4,6,8,10,13,14
3.14,0,2,4,6,8,10,13,14
3.145,0,2,4,6,8,10,13,14
3.15,0,2,4,6,8,10,13,14
3.155,0,2,4,6,8,10,13,14
3.16,0,2,4,6,8,10,13,14
3.165,0,2,4,6,8,10,13,14
3.17,0,2,4,6,8,10,13,14
3.175,0,2,4,6,8,10,13,14
3.18,0,2,4,6,8,10,13,14
3.185,0,2,4,6,8,10,13,14
3.19,0,2,4,6,8,10,13,14
3.195,0,2,4,6,8,10,13,14
3.2,0,2,4,6,8,10,13,14
3.205,0,2,4,6,8,10,13,14
3.21,0,2,4,6,8,10,13,14
3.215,0,2,4,6,8,10,13,14
3.22,0,2,4,6,8,10,13,14
3.225,0,2,4,6,8,10,13,14
3.23,0,2,4,6,8,10,13,14
3.235,0,2,4,6,8,10,13,14
3.24,0,2,4,6,8,10,13,14
3.245,0,2,4,6,8,10,13,14
3.25,0,2,4,6,8,10,13,14
3.255,0,2,4,6,8,10,13,14
3.26,0,2,4,6,8,10,13,14
3.265,0,2,4,6,8,10,13,14
3.27,0,2,4,6,8,10,13,14
3.275,0,2,4,6,8,10,13,14
3.28,0,2,4,6,8,10,13,14
3.285,0,2,4,6,8,10,13,14
3.29,0,2,4,6,8,10,13,14
3.295,0,2,4,6,8,10,13,14
3.3,0,2,4,6,8,10,13,14
3.305,0,2,4,6,8,10,13,14
3.31,0,2,4,6,8,10,13,14
3.315,0,2,4,6,8,10,13,14
3.32,0,2,4,6,8,10,13,14
3.325,0,2,4,6,8,10,13,14
3.33,0,2,4,6,8,10,13,14
3.335,0,2,4,6,8,10,13,14
3.34,0,2,4,6,8,10,13,14
3.345,0,2,4,6,8,10,13,14
3.35,0,2,4,6,8,10,13,14
3.355,0,2,4,6,8,10,13,14
3.36,0,2,4,6,8,10,13,14
3.365,0,2,4,6,8,10,13,14
3.37,0,2,4,6,8,10,13,14
3.375,0,2,4,6,8,10,13,14
3.38,0,2,4,6,8,10,13,14
3.385,0,2,4,6,8,10,13,14
3.39,0,2,4,6,8,10,13,14
3.395,0,2,4,6,8,10,13,14
3.4,0,2,4,6,8,10,13,14
3.405,0,2,4,6,8,10,13,14
3.41,0,2,4,6,8,10,13,14
3.415,0,2,4,6,8,10,13,14
3.42,0,2,4,6,8,10,13,14
3.425,0,2,4,6,8,10,13,14
3.43,0,2,4,6,8,10,13,14
3.435,0,2,4,6,8,10,13,14
3.44,0,2,4,6,8,10,13,14
3.445,0,2,4,6,8,10,13,14
3.45,0,2,4,6,8,10,13,14
3.455,0,2,4,6,8,10,13,14
3.46,0,2,4,6,8,10,13,14
3.465,0,2,4,6,8,10,13,14
3.47,0,2,4,6,8,10,13,14
3.475,0,2,4,6,8,10,13,14
3.48,0,2,4,6,8,10,13,14
3.485,0,2,4,6,8,10,13,14
3.49,0,2,4,6,8,10,13,14
3.495,0,2,4,6,8,10,13,14
3.5,0,2,4,6,8,10,13,14
3.505,0,2,4,6,8,10,13,14
3.51,0,2,4,6,8,10,13,14
3.515,0,2,4,6,8,10,13,14
3.52,0,2,4,6,8,10,13,14
3.525,0,2,4,6,8,10,13,14
3.53,0,2,4,6,8,10,13,14
3.535,0,2,4,6,8,10,13,14
3.54,0,2,4,6,8,10,13,14
3.545,0,2,4,6,8,10,13,14
3.55,0,2,4,6,8,10,13,14
3.555,0,2,4,6,8,10,13,14
3.56,0,2,4,6,8,10,13,14
3.565,0,2,4,6,8,10,13,14
3.57,0,2,4,6,8,10,13,14
3.575,0,2,4,6,8,10,13,14
3.58,0,2,4,6,8,10,13,14
3.585,0,2,4,6,8,10,13,14
3.59,0,2,4,6,8,10,13,14
3.595,0,2,4,6,8,10,13,14
3.6,0,2,4,6,8,10,13,14
3.605,0,2,4,6,8,10,13,14
3.61,0,2,4,6,8,10,13,14
3.615,0,2,4,6,8,10,13,14
3.62,0,2,4,6,8,10,13,14
3.625,0,2,4,6,8,10,13,14
3.63,0,2,4,6,8,10,13,14
3.635,0,2,4,6,8,10,13,14
3.64,0,2,4,6,8,10,13,14
3.645,0,2,4,6,8,10,13,14
3.65,0,2,4,6,8,10,13,14
3.655,0,2,4,6,8,10,13,14
3.66,0,2,4,6,8,10,13,14
3.665,0,2,4,6,8,10,13,14
3.67,0,2,4,6,8,10,13,14
3.675,0,2,4,6,8,10,13,14
3.68,0,2,4,6,8,10,13,14
3.685,0,2,4,6,8,10,13,14
3.69,0,2,4,6,8,10,13,14
3.695,0,2,4,6,8,10,13,14
3.7,0,2,4,6,8,10,13,14
3.705,0,2,4,6,8,10,13,14
3.71,0,2,4,6,8,10,13,14
3.715,0,2,4,6,8,10,13,14
3.72,0,2,4,6,8,10,13,14
3.725,0,2,4,6,8,10,13,14
3.73,0,2,4,6,8,10,13,14
3.735,0,2,4,6,8,10,13,14
3.74,0,2,4,6,8,10,13,14
3.745,0,2,4,6,8,10,13,14
3.75,0,2,4,6,8,10,13,14
3.755,0,2,4,6,8,10,13,14
3.76,0,2,4,6,8,10,13,14
3.765,0,2,4,6,8,10,13,14
3.77,0,2,4,6,8,10,13,14
3.775,0,2,4,6,8,10,13,14
3.78,0,2,4,6,8,10,13,14
3.785,0,2,4,6,8,10,13,14
3.79,0,2,4,6,8,10,13,14
3.795,0,2,4,6,8,10,13,14
3.8,0,2,4,6,8,10,13,14
3.805,0,2,4,6,8,10,13,14
3.81,0,2,4,6,8,10,13,14
3.815,0,2,4,6,8,10,13,14
3.82,0,2,4,6,8,10,13,14
3.825,0,2,4,6,8,10,13,14
3.83,0,2,4,6,8,10,13,14
3.835,0,2,4,6,8,10,13,14
3.84,0,2,4,6,8,10,13,14
3.845,0,2,4,6,8,10,13,14
3.85,0,2,4,6,8,10,13,14
3.855,0,2,4,6,8,10,13,14
3.86,0,2,4,6,8,10,13,14
3.865,0,2,4,6,8,10,13,14
3.87,0,2,4,6,8,10,13,14
3.875,0,2,4,6,8,10,13,14
3.88,0,2,4,6,8,10,13,14
3.885,0,2,4,6,8,10,13,14
3.89,0,2,4,6,8,10,13,14
3.895,0,2,4,6,8,10,13,14
3.9,0,2,4,6,8,10,13,14
3.905,0,2,4,6,8,10,13,14
3.91,0,2,4,6,8,10,13,14
3.915,0,2,4,6,8,10,13,14
3.92,0,2,4,6,8,10,13,14
3.925,0,2,4,6,8,10,13,14
3.93,0,2,4,6,8,10,13,14
3.935,0,2,4,6,8,10,13,14
3.94,0,2,4,6,8,10,13,14
3.945,0,2,4,6,8,10,13,14
3.95,0,2,4,6,8,10,13,14
3.955,0,2,4,6,8,10,13,14
3.96,0,2,4,6,8,10,13,14
3.965,0,2,4,6,8,10,13,14
3.97,0,2,4,6,8,10,13,14
3.975,0,2,4,6,8,10,13,14
3.98,0,2,4,6,8,10,13,14
3.985,0,2,4,6,8,10,13,14
3.99,0,2,4,6,8,10,13,14
3.995,0,2,4,6,8,10,13,14
4,0,2,4,6,8,10,13,14
4.005,0,2,4,6,8,10,13,14
4.01,0,2,4,6,8,10,13,14
4.015,0,2,4,6,8,10,13,14
4.02,0,2,4,6,8,10,13,14
4.025,0,2,4,6,8,10,13,14
4.03,0,2,4,6,8,10,13,14
4.035,0,2,4,6,8,10,13,14
4.04,0,2,4,6,8,10,13,14
4.045,0,2,4,6,8,10,13,14
4.05,0,2,4,6,8,10,13,14
4.055,0,2,4,6,8,10,13,14
4.06,0,2,4,6,8,10,13,14
4.065,0,2,4,6,8,10,13,14
4.07,0,2,4,6,8,10,13,14
4.075,0,2,4,6,8,10,13,14
4.08,0,2,4,6,8,10,13,14
4.085,0,2,4,6,8,10,13,14
4.09,0,2,4,6,8,10,13,14
4.095,0,2,4,6,8,10,13,14
4.1,0,2,4,6,8,10,13,14
4.105,0,2,4,6,8,10,13,14
4.11,0,2,4,6,8,10,13,14
4.115,0,2,4,6,8,10,13,14
4.12,0,2,4,6,8,10,13,14
4.125,0,2,4,6,8,10,13,14
4.13,0,2,4,6,8,10,13,14
4.135,0,2,4,6,8,10,13,14
4.14,0,2,4,6,8,10,13,14
4.145,0,2,4,6,8,10,13,14
4.15,0,2,4,6,8,10,13,14
4.155,0,2,4,6,8,10,13,14
4.16,0,2,4,6,8,10,13,14
4.165,0,2,4,6,8,10,13,14
4.17,0,2,4,6,8,10,13,14
4.175,0,2,4,6,8,10,13,14
4.18,0,2,4,6,8,10,13,14
4.185,0,2,4,6,8,10,13,14
4.19,0,2,4,6,8,10,13,14
4.195,0,2,4,6,8,10,13,14
4.2,0,2,4,6,8,10,13,14
4.205,0,2,4,6,8,10,13,14
4.21,0,2,4,6,8,10,13,14
4.215,0,2,4,6,8,10,13,14
4.22,0,2,4,6,8,10,13,14
4.225,0,2,4,6,8,10,13,14
4.23,0,2,4,6,8,10,13,14
4.235,0,2,4,6,8,10,13,14
4.24,0,2,4,6,8,10,13,14
4.245,0,2,4,6,8,10,13,14
4.25,0,2,4,6,8,10,13,14
4.255,0,2,4,6,8,10,13,14
4.26,0,2,4,6,8,10,13,14
4.265,0,2,4,6,8,10,13,14
4.27,0,2,4,6,8,10,13,14
4.275,0,2,4,6,8,10,13,14
4.28,0,2,4,6,8,10,13,14
4.285,0,2,4,6,8,10,13,14
4.29,0,2,4,6,8,10,13,14
4.295,0,2,4,6,8,10,13,14
4.3,0,2,4,6,8,10,13,14
4.305,0,2,4,6,8,10,13,14
4.31,0,2,4,6,8,10,13,14
4.315,0,2,4,6,8,10,13,14
4.32,0,2,4,6,8,10,13,14
4.325,0,2,4,6,8,10,13,14
4.33,0,2,4,6,8,10,13,14
4.335,0,2,4,6,8,10,13,14
4.34,0,2,4,6,8,10,13,14
4.345,0,2,4,6,8,10,13,14
4.35,0,2,4,6,8,10,13,14
4.355,0,2,4,6,8,10,13,14
4.36,0,2,4,6,8,10,13,14
4.365,0,2,4,6,8,10,13,14
4.37,0,2,4,6,8,10,13,14
4.375,0,2,4,6,8,10,13,14
4.38,0,2,4,6,8,10,13,14
4.385,0,2,4,6,8,10,13,14
4.39,0,2,4,6,8,10,13,14
4.395,0,2,4,6,8,10,13,14
4.4,0,2,4,6,8,10,13,14
4.405,0,2,4,6,8,10,13,14
4.41,0,2,4,6,8,10,13,14
4.415,0,2,4,6,8,10,13,14
4.42,0,2,4,6,8,10,13,14
4.425,0,2,4,6,8,10,13,14
4.43,0,2,4,6,8,10,13,14
4.435,0,2,4,6,8,10,13,14
4.44,0,2,4,6,8,10,13,14
4.445,0,2,4,6,8,10,13,14
4.45,0,2,4,6,8,10,13,14
4.455,0,2,4,6,8,10,13,14
4.46,0,2,4,6,8,10,13,14
4.465,0,2,4,6,8,10,13,14
4.47,0,2,4,6,8,10,13,14
4.475,0,2,4,6,8,10,13,14
4.48,0,2,4,6,8,10,13,14
4.485,0,2,4,6,8,10,13,14
4.49,0,2,4,6,8,10,13,14
4.495,0,2,4,6,8,10,13,14
4.5,0,2,4,6,8,10,13,14
4.505,0,2,4,6,8,10,13,14
4.51,0,2,4,6,8,10,13,14
4.515,0,2,4,6,8,10,13,14
4.52,0,2,4,6,8,10,13,14
4.525,0,2,4,6,8,10,13,14
4.53,0,2,4,6,8,10,13,14
4.535,0,2,4,6,8,10,13,14
4.54,0,2,4,6,8,10,13,14
4.545,0,2,4,6,8,10,13,14
4.55,0,2,4,6,8,10,13,14
4.555,0,2,4,6,8,10,13,14
4.56,0,2,4,6,8,10,13,14
4.565,0,2,4,6,8,10,13,14
4.57,0,2,4,6,8,10,13,14
4.575,0,2,4,6,8,10,13,14
4.58,0,2,4,6,8,10,13,14
4.585,0,2,4,6,8,10,13,14
4.59,0,2,4,6,8,10,13,14
4.595,0,2,4,6,8,10,13,14
4.6,0,2,4,6,8,10,13,14
4.605,0,2,4,6,8,10,13,14
4.61,0,2,4,6,8,10,13,14
4.615,0,2,4,6,8,10,13,14
4.62,0,2,4,6,8,10,13,14
4.625,0,2,4,6,8,10,13,14
4.63,0,2,4,6,8,10,13,14
4.635,0,2,4,6,8,10,13,14
4.64,0,2,4,6,8,10,13,14
4.645,0,2,4,6,8,10,13,14
4.65,0,2,4,6,8,10,13,14
4.655,0,2,4,6,8,10,13,14
4.66,0,2,4,6,8,10,13,14
4.665,0,2,4,6,8,10,13,14
4.67,0,2,4,6,8,10,13,14
4.675,0,2,4,6,8,10,13,14
4.68,0,2,4,6,8,10,13,14
4.685,0,2,4,6,8,10,13,14
4.69,0,2,4,6,8,10,13,14
4.695,0,2,4,6,8,10,13,14
4.7,0,2,4,6,8,10,13,14
4.705,0,2,4,6,8,10,13,14
4.71,0,2,4,6,8,10,13,14
4.715,0,2,4,6,8,10,13,14
4.72,0,2,4,6,8,10,13,14
4.725,0,2,4,6,8,10,13,14
4.73,0,2,4,6,8,10,13,14
4.735,0,2,4,6,8,10,13,14
4.74,0,2,4,6,8,10,13,14
4.745,0,2,4,6,8,10,13,14
4.75,0,2,4,6,8,10,13,14
4.755,0,2,4,6,8,10,13,14
4.76,0,2,4,6,8,10,13,14
4.765,0,2,4,6,8,10,13,14
4.77,0,2,4,6,8,10,13,14
4.775,0,2,4,6,8,10,13,14
4.78,0,2,4,6,8,10,13,14
4.785,0,2,4,6,8,10,13,14
4.79,0,2,4,6,8,10,13,14
4.795,0,2,4,6,8,10,13,14
4.8,0,2,4,6,8,10,13,14
4.805,0,2,4,6,8,10,13,14
4.81,0,2,4,6,8,10,13,14
4.815,0,2,4,6,8,10,13,14
4.82,0,2,4,6,8,10,13,14
4.825,0,2,4,6,8,10,13,14
4.83,0,2,4,6,8,10,13,14
4.835,0,2,4,6,8,10,13,14
4.84,0,2,4,6,8,10,13,14
4.845,0,2,4,6,8,10,13,14
4.85,0,2,4,6,8,10,13,14
4.855,0,2,4,6,8,10,13,14
4.86,0,2,4,6,8,10,13,14
4.865,0,2,4,6,8,10,13,14
4.87,0,2,4,6,8,10,13,14
4.875,0,2,4,6,8,10,13,14
4.88,0,2,4,6,8,10,13,14
4.885,0,2,4,6,8,10,13,14
4.89,0,2,4,6,8,10,13,14
4.895,0,2,4,6,8,10,13,14
4.9,0,2,4,6,8,10,13,14
4.905,0,2,4,6,8,10,13,14
4.91,0,2,4,6,8,10,13,14
4.915,0,2,4,6,8,10,13,14
4.92,0,2,4,6,8,10,13,14
4.925,0,2,4,6,8,10,13,14
4.93,0,2,4,6,8,10,13,14
4.935,0,2,4,6,8,10,13,14
4.94,0,2,4,6,8,10,13,14
4.945,0,2,4,6,8,10,13,14
4.95,0,2,4,6,8,10,13,14
4.955,0,2,4,6,8,10,13,14
4.96,0,2,4,6,8,10,13,14
4.965,0,2,4,6,8,10,13,14
4.97,0,2,4,6,8,10,13,14
4.975,0,2,4,6,8,10,13,14
4.98,0,2,4,6,8,10,13,14
4.985,0,2,4,6,8,10,13,14
4.99,0,2,4,6,8,10,13,14
4.995,0,2,4,6,8,10,13,14
5,0,2,4,6,8,10,13,14
5.005,0,2,4,6,8,10,13,14
5.01,0,2,4,6,8,10,13,14
5.015,0,2,4,6,8,10,13,14
5.02,0,2,4,6,8,10,13,14
5.025,0,2,4,6,8,10,13,14
5.03,0,2,4,6,8,10,13,14
5.035,0,2,4,6,8,10,13,14
5.04,0,2,4,6,8,10,13,14
5.045,0,2,4,6,8,10,13,14
5.05,0,2,4,6,8,10,13,14
5.055,0,2,4,6,8,10,13,14
5.06,0,2,4,6,8,10,13,14
5.065,0,2,4,6,8,10,13,14
5.07,0,2,4,6,8,10,13,14
5.075,0,2,4,6,8,10,13,14
5.08,0,2,4,6,8,10,13,14
5.085,0,2,4,6,8,10,13,14
5.09,0,2,4,6,8,10,13,14
5.095,0,2,4,6,8,10,13,14
5.1,0,2,4,6,8,10,13,14
5.105,0,2,4,6,8,10,13,14
5.11,0,2,4,6,8,10,13,14
5.115,0,2,4,6,8,10,13,14
5.12,0,2,4,6,8,10,13,14
5.125,0,2,4,6,8,10,13,14
5.13,0,2,4,6,8,10,13,14
5.135,0,2,4,6,8,10,13,14
5.14,0,2,4,6,8,10,13,14
5.145,0,2,4,6,8,10,13,14
5.15,0,2,4,6,8,10,13,14
5.155,0,2,4,6,8,10,13,14
5.16,0,2,4,6,8,10,13,14
5.165,0,2,4,6,8,10,13,14
5.17,0,2,4,6,8,10,13,14
5.175,0,2,4,6,8,10,13,14
5.18,0,2,4,6,8,10,13,14
5.185,0,2,4,6,8,10,13,14
5.19,0,2,4,6,8,10,13,14
5.195,0,2,4,6,8,10,13,14
5.2,0,2,4,6,8,10,13,14
5.205,0,2,4,6,8,10,13,14
5.21,0,2,4,6,8,10,13,14
5.215,0,2,4,6,8,10,13,14
5.22,0,2,4,6,8,10,13,14
5.225,0,2,4,6,8,10,13,14
5.23,0,2,4,6,8,10,13,14
5.235,0,2,4,6,8,10,13,14
5.24,0,2,4,6,8,10,13,14
5.245,0,2,4,6,8,10,13,14
5.25,0,2,4,6,8,10,13,14
5.255,0,2,4,6,8,10,13,14
5.26,0,2,4,6,8,10,13,14
5.265,0,2,4,6,8,10,13,14
5.27,0,2,4,6,8,10,13,14
5.275,0,2,4,6,8,10,13,14
5.28,0,2,4,6,8,10,13,14
5.285,0,2,4,6,8,10,13,14
5.29,0,2,4,6,8,10,13,14
5.295,0,2,4,6,8,10,13,14
5.3,0,2,4,6,8,10,13,14
5.305,0,2,4,6,8,10,13,14
5.31,0,2,4,6,8,10,13,14
5.315,0,2,4,6,8,10,13,14
5.32,0,2,4,6,8,10,13,14
5.325,0,2,4,6,8,10,13,14
5.33,0,2,4,6,8,10,13,14
5.335,0,2,4,6,8,10,13,14
5.34,0,2,4,6,8,10,13,14
5.345,0,2,4,6,8,10,13,14
5.35,0,2,4,6,8,10,13,14
5.355,0,2,4,6,8,10,13,14
5.36,0,2,4,6,8,10,13,14
5.365,0,2,4,6,8,10,13,14
5.37,0,2,4,6,8,10,13,14
5.375,0,2,4,6,8,10,13,14
5.38,0,2,4,6,8,10,13,14
5.385,0,2,4,6,8,10,13,14
5.39,0,2,4,6,8,10,13,14
5.395,0,2,4,6,8,10,13,14
5.4,0,2,4,6,8,10,13,14
5.405,0,2,4,6,8,10,13,14
5.41,0,2,4,6,8,10,13,14
5.415,0,2,4,6,8,10,13,14
5.42,0,2,4,6,8,10,13,14
5.425,0,2,4,6,8,10,13,14
5.43,0,2,4,6,8,10,13,14
5.435,0,2,4,6,8,10,13,14
5.44,0,2,4,6,8,10,13,14
5.445,0,2,4,6,8,10,13,14
5.45,0,2,4,6,8,10,13,14
5.455,0,2,4,6,8,10,13,14
5.46,0,2,4,6,8,10,13,14
5.465,0,2,4,6,8,10,13,14
5.47,0,2,4,6,8,10,13,14
5.475,0,2,4,6,8,10,13,14
5.48,0,2,4,6,8,10,13,14
5.485,0,2,4,6,8,10,13,14
5.49,0,2,4,6,8,10,13,14
5.495,0,2,4,6,8,10,13,14
5.5,0,2,4,6,8,10,13,14
5.505,0,2,4,6,8,10,13,14
5.51,0,2,4,6,8,10,13,14
5.515,0,2,4,6,8,10,13,14
5.52,0,2,4,6,8,10,13,14
5.525,0,2,4,6,8,10,13,14
5.53,0,2,4,6,8,10,13,14
5.535,0,2,4,6,8,10,13,14
5.54,0,2,4,6,8,10,13,14
5.545,0,2,4,6,8,10,13,14
5.55,0,2,4,6,8,10,13,14
5.555,0,2,4,6,8,10,13,14
5.56,0,2,4,6,8,10,13,14
5.565,0,2,4,6,8,10,13,14
5.57,0,2,4,6,8,10,13,14
5.575,0,2,4,6,8,10,13,14
5.58,0,2,4,6,8,10,13,14
5.585,0,2,4,6,8,10,13,14
5.59,0,2,4,6,8,10,13,14
5.595,0,2,4,6,8,10,13,14
5.6,0,2,4,6,8,10,13,14
5.605,0,2,4,6,8,10,13,14
5.61,0,2,4,6,8,10,13,14
5.615,0,2,4,6,8,10,13,14
5.62,0,2,4,6,8,10,13,14
5.625,0,2,4,6,8,10,13,14
5.63,0,2,4,6,8,10,13,14
5.635,0,2,4,6,8,10,13,14
5.64,0,2,4,6,8,10,13,14
5.645,0,2,4,6,8,10,13,14
5.65,0,2,4,6,8,10,13,14
5.655,0,2,4,6,8,10,13,14
5.66,0,2,4,6,8,10,13,14
5.665,0,2,4,6,8,10,13,14
5.67,0,2,4,6,8,10,13,14
5.675,0,2,4,6,8,10,13,14
5.68,0,2,4,6,8,10,13,14
5.685,0,2,4,6,8,10,13,14
5.69,0,2,4,6,8,10,13,14
5.695,0,2,4,6,8,10,13,14
5.7,0,2,4,6,8,10,13,14
5.705,0,2,4,6,8,10,13,14
5.71,0,2,4,6,8,10,13,14
5.715,0,2,4,6,8,10,13,14
5.72,0,2,4,6,8,10,13,14
5.725,0,2,4,6,8,10,13,14
5.73,0,2,4,6,8,10,13,14
5.735,0,2,4,6,8,10,13,14
5.74,0,2,4,6,8,10,13,14
5.745,0,2,4,6,8,10,13,14
5.75,0,2,4,6,8,10,13,14
5.755,0,2,4,6,8,10,13,14
5.76,0,2,4,6,8,10,13,14
5.765,0,2,4,6,8,10,13,14
5.77,0,2,4,6,8,10,13,14
5.775,0,2,4,6,8,10,13,14
5.78,0,2,4,6,8,10,13,14
5.785,0,2,4,6,8,10,13,14
5.79,0,2,4,6,8,10,13,14
5.795,0,2,4,6,8,10,13,14
5.8,0,2,4,6,8,10,13,14
5.805,0,2,4,6,8,10,13,14
5.81,0,2,4,6,8,10,13,14
5.815,0,2,4,6,8,10,13,14
5.82,0,2,4,6,8,10,13,14
5.825,0,2,4,6,8,10,13,14
5.83,0,2,4,6,8,10,13,14
5.835,0,2,4,6,8,10,13,14
5.84,0,2,4,6,8,10,13,14
5.845,0,2,4,6,8,10,13,14
5.85,0,2,4,6,8,10,13,14
5.855,0,2,4,6,8,10,13,14
5.86,0,2,4,6,8,10,13,14
5.865,0,2,4,6,8,10,13,14
5.87,0,2,4,6,8,10,13,14
5.875,0,2,4,6,8,10,13,14
5.88,0,2,4,6,8,10,13,14
5.885,0,2,4,6,8,10,13,14
5.89,0,2,4,6,8,10,13,14
5.895,0,2,4,6,8,10,13,14
5.9,0,2,4,6,8,10,13,14
5.905,0,2,4,6,8,10,13,14
5.91,0,2,4,6,8,10,13,14
5.915,0,2,4,6,8,10,13,14
5.92,0,2,4,6,8,10,13,14
5.925,0,2,4,6,8,10,13,14
5.93,0,2,4,6,8,10,13,14
5.935,0,2,4,6,8,10,13,14
5.94,0,2,4,6,8,10,13,14
5.945,0,2,4,6,8,10,13,14
5.95,0,2,4,6,8,10,13,14
5.955,0,2,4,6,8,10,13,14
5.96,0,2,4,6,8,10,13,14
5.965,0,2,4,6,8,10,13,14
5.97,0,2,4,6,8,10,13,14
5.975,0,2,4,6,8,10,13,14
5.98,0,2,4,6,8,10,13,14
5.985,0,2,4,6,8,10,13,14
5.99,0,2,4,6,8,10,13,14
5.995,0,2,4,6,8,10,13,14
6,0,2,4,6,8,10,13,14
6.005,0,2,4,6,8,10,13,14
6.01,0,2,4,6,8,10,13,14
6.015,0,2,4,6,8,10,13,14
6.02,0,2,4,6,8,10,13,14
6.025,0,2,4,6,8,10,13,14
6.03,0,2,4,6,8,10,13,14
6.035,0,2,4,6,8,10,13,14
6.04,0,2,4,6,8,10,13,14
6.045,0,2,4,6,8,10,13,14
6.05,0,2,4,6,8,10,13,14
6.055,0,2,4,6,8,10,13,14
6.06,0,2,4,6,8,10,13,14
6.065,0,2,4,6,8,10,13,14
6.07,0,2,4,6,8,10,13,14
6.075,0,2,4,6,8,10,13,14
6.08,0,2,4,6,8,10,13,14
6.085,0,2,4,6,8,10,13,14
6.09,0,2,4,6,8,10,13,14
6.095,0,2,4,6,8,10,13,14
6.1,0,2,4,6,8,10,13,14
6.105,0,2,4,6,8,10,13,14
6.11,0,2,4,6,8,10,13,14
6.115,0,2,4,6,8,10,13,14
6.12,0,2,4,6,8,10,13,14
6.125,0,2,4,6,8,10,13,14
6.13,0,2,4,6,8,10,13,14
6.135,0,2,4,6,8,10,13,14
6.14,0,2,4,6,8,10,13,14
6.145,0,2,4,6,8,10,13,14
6.15,0,2,4,6,8,10,13,14
6.155,0,2,4,6,8,10,13,14
6.16,0,2,4,6,8,10,13,14
6.165,0,2,4,6,8,10,13,14
6.17,0,2,4,6,8,10,13,14
6.175,0,2,4,6,8,10,13,14
6.18,0,2,4,6,8,10,13,14
6.185,0,2,4,6,8,10,13,14
6.19,0,2,4,6,8,10,13,14
6.195,0,2,4,6,8,10,13,14
6.2,0,2,4,6,8,10,13,14
6.205,0,2,4,6,8,10,13,14
6.21,0,2,4,6,8,10,13,14
6.215,0,2,4,6,8,10,13,14
6.22,0,2,4,6,8,10,13,14
6.225,0,2,4,6,8,10,13,14
6.23,0,2,4,6,8,10,13,14
6.235,0,2,4,6,8,10,13,14
6.24,0,2,4,6,8,10,13,14
6.245,0,2,4,6,8,10,13,14
6.25,0,2,4,6,8,10,13,14
6.255,0,2,4,6,8,10,13,14
6.26,0,2,4,6,8,10,13,14
6.265,0,2,4,6,8,10,13,14
6.27,0,2,4,6,8,10,13,14
6.275,0,2,4,6,8,10,13,14
6.28,0,2,4,6,8,10,13,14
6.285,0,2,4,6,8,10,13,14
6.29,0,2,4,6,8,10,13,14
6.295,0,2,4,6,8,10,13,14
6.3,0,2,4,6,8,10,13,14
6.305,0,2,4,6,8,10,13,14
6.31,0,2,4,6,8,10,13,14
6.315,0,2,4,6,8,10,13,14
6.32,0,2,4,6,8,10,13,14
6.325,0,2,4,6,8,10,13,14
6.33,0,2,4,6,8,10,13,14
6.335,0,2,4,6,8,10,13,14
6.34,0,2,4,6,8,10,13,14
6.345,0,2,4,6,8,10,13,14
6.35,0,2,4,6,8,10,13,14
6.355,0,2,4,6,8,10,13,14
6.36,0,2,4,6,8,10,13,14
6.365,0,2,4,6,8,10,13,14
6.37,0,2,4,6,8,10,13,14
6.375,0,2,4,6,8,10,13,14
6.38,0,2,4,6,8,10,13,14
6.385,0,2,4,6,8,10,13,14
6.39,0,2,4,6,8,10,13,14
6.395,0,2,4,6,8,10,13,14
6.4,0,2,4,6,8,10,13,14
6.405,0,2,4,6,8,10,13,14
6.41,0,2,4,6,8,10,13,14
6.415,0,2,4,6,8,10,13,14
6.42,0,2,4,6,8,10,13,14
6.425,0,2,4,6,8,10,13,14
6.43,0,2,4,6,8,10,13,14
6.435,0,2,4,6,8,10,13,14
6.44,0,2,4,6,8,10,13,14
6.445,0,2,4,6,8,10,13,14
6.45,0,2,4,6,8,10,13,14
6.455,0,2,4,6,8,10,13,14
6.46,0,2,4,6,8,10,13,14
6.465,0,2,4,6,8,10,13,14
6.47,0,2,4,6,8,10,13,14
6.475,0,2,4,6,8,10,13,14
6.48,0,2,4,6,8,10,13,14
6.485,0,2,4,6,8,10,13,14
6.49,0,2,4,6,8,10,13,14
6.495,0,2,4,6,8,10,13,14
6.5,0,2,4,6,8,10,13,14
6.505,0,2,4,6,8,10,13,14
6.51,0,2,4,6,8,10,13,14
6.515,0,2,4,6,8,10,13,14
6.52,0,2,4,6,8,10,13,14
6.525,0,2,4,6,8,10,13,14
6.53,0,2,4,6,8,10,13,14
6.535,0,2,4,6,8,10,13,14
6.54,0,2,4,6,8,10,13,14
6.545,0,2,4,6,8,10,13,14
6.55,0,2,4,6,8,10,13,14
6.555,0,2,4,6,8,10,13,14
6.56,0,2,4,6,8,10,13,14
6.565,0,2,4,6,8,10,13,14
6.57,0,2,4,6,8,10,13,14
6.575,0,2,4,6,8,10,13,14
6.58,0,2,4,6,8,10,13,14
6.585,0,2,4,6,8,10,13,14
6.59,0,2,4,6,8,10,13,14
6.595,0,2,4,6,8,10,13,14
6.6,0,2,4,6,8,10,13,14
6.605,0,2,4,6,8,10,13,14
6.61,0,2,4,6,8,10,13,14
6.615,0,2,4,6,8,10,13,14
6.62,0,2,4,6,8,10,13,14
6.625,0,2,4,6,8,10,13,14
6.63,0,2,4,6,8,10,13,14
6.635,0,2,4,6,8,10,13,14
6.64,0,2,4,6,8,10,13,14
6.645,0,2,4,6,8,10,13,14
6.65,0,2,4,6,8,10,13,14
6.655,0,2,4,6,8,10,13,14
6.66,0,2,4,6,8,10,13,14
6.665,0,2,4,6,8,10,13,14
6.67,0,2,4,6,8,10,13,14
6.675,0,2,4,6,8,10,13,14
6.68,0,2,4,6,8,10,13,14
6.685,0,2,4,6,8,10,13,14
6.69,0,2,4,6,8,10,13,14
6.695,0,2,4,6,8,10,13,14
6.7,0,2,4,6,8,10,13,14
6.705,0,2,4,6,8,10,13,14
6.71,0,2,4,6,8,10,13,14
6.715,0,2,4,6,8,10,13,14
6.72,0,2,4,6,8,10,13,14
6.725,0,2,4,6,8,10,13,14
6.73,0,2,4,6,8,10,13,14
6.735,0,2,4,6,8,10,13,14
6.74,0,2,4,6,8,10,13,14
6.745,0,2,4,6,8,10,13,14
6.75,0,2,4,6,8,10,13,14
6.755,0,2,4,6,8,10,13,14
6.76,0,2,4,6,8,10,13,14
6.765,0,2,4,6,8,10,13,14
6.77,0,2,4,6,8,10,13,14
6.775,0,2,4,6,8,10,13,14
6.78,0,2,4,6,8,10,13,14
6.785,0,2,4,6,8,10,13,14
6.79,0,2,4,6,8,10,13,14
6.795,0,2,4,6,8,10,13,14
6.8,0,2,4,6,8,10,13,14
6.805,0,2,4,6,8,10,13,14
6.81,0,2,4,6,8,10,13,14
6.815,0,2,4,6,8,10,13,14
6.82,0,2,4,6,8,10,13,14
6.825,0,2,4,6,8,10,13,14
6.83,0,2,4,6,8,10,13,14
6.835,0,2,4,6,8,10,13,14
6.84,0,2,4,6,8,10,13,14
6.845,0,2,4,6,8,10,13,14
6.85,0,2,4,6,8,10,13,14
6.855,0,2,4,6,8,10,13,14
6.86,0,2,4,6,8,10,13,14
6.865,0,2,4,6,8,10,13,14
6.87,0,2,4,6,8,10,13,14
6.875,0,2,4,6,8,10,13,14
6.88,0,2,4,6,8,10,13,14
6.885,0,2,4,6,8,10,13,14
6.89,0,2,4,6,8,10,13,14
6.895,0,2,4,6,8,10,13,14
6.9,0,2,4,6,8,10,13,14
6.905,0,2,4,6,8,10,13,14
6.91,0,2,4,6,8,10,13,14
6.915,0,2,4,6,8,10,13,14
6.92,0,2,4,6,8,10,13,14
6.925,0,2,4,6,8,10,13,14
6.93,0,2,4,6,8,10,13,14
6.935,0,2,4,6,8,10,13,14
6.94,0,2,4,6,8,10,13,14
6.945,0,2,4,6,8,10,13,14
6.95,0,2,4,6,8,10,13,14
6.955,0,2,4,6,8,10,13,14
6.96,0,2,4,6,8,10,13,14
6.965,0,2,4,6,8,10,13,14
6.97,0,2,4,6,8,10,13,14
6.975,0,2,4,6,8,10,13,14
6.98,0,2,4,6,8,10,13,14
6.985,0,2,4,6,8,10,13,14
6.99,0,2,4,6,8,10,13,14
6.995,0,2,4,6,8,10,13,14
7,0,2,4,6,8,10,13,14
7.005,0,2,4,6,8,10,13,14
7.01,0,2,4,6,8,10,13,14
7.015,0,2,4,6,8,10,13,14
7.02,0,2,4,6,8,10,13,14
7.025,0,2,4,6,8,10,13,14
7.03,0,2,4,6,8,10,13,14
7.035,0,2,4,6,8,10,13,14
7.04,0,2,4,6,8,10,13,14
7.045,0,2,4,6,8,10,13,14
7.05,0,2,4,6,8,10,13,14
7.055,0,2,4,6,8,10,13,14
7.06,0,2,4,6,8,10,13,14
7.065,0,2,4,6,8,10,13,14
7.07,0,2,4,6,8,10,13,14
7.075,0,2,4,6,8,10,13,14
7.08,0,2,4,6,8,10,13,14
7.085,0,2,4,6,8,10,13,14
7.09,0,2,4,6,8,10,13,14
7.095,0,2,4,6,8,10,13,14
7.1,0,2,4,6,8,10,13,14
7.105,0,2,4,6,8,10,13,14
7.11,0,2,4,6,8,10,13,14
7.115,0,2,4,6,8,10,13,14
7.12,0,2,4,6,8,10,13,14
7.125,0,2,4,6,8,10,13,14
7.13,0,2,4,6,8,10,13,14
7.135,0,2,4,6,8,10,13,14
7.14,0,2,4,6,8,10,13,14
7.145,0,2,4,6,8,10,13,14
7.15,0,2,4,6,8,10,13,14
7.155,0,2,4,6,8,10,13,14
7.16,0,2,4,6,8,10,13,14
7.165,0,2,4,6,8,10,13,14
7.17,0,2,4,6,8,10,13,14
7.175,0,2,4,6,8,10,13,14
7.18,0,2,4,6,8,10,13,14
7.185,0,2,4,6,8,10,13,14
7.19,0,2,4,6,8,10,13,14
7.195,0,2,4,6,8,10,13,14
7.2,0,2,4,6,8,10,13,14
7.205,0,2,4,6,8,10,13,14
7.21,0,2,4,6,8,10,13,14
7.215,0,2,4,6,8,10,13,14
7.22,0,2,4,6,8,10,13,14
7.225,0,2,4,6,8,10,13,14
7.23,0,2,4,6,8,10,13,14
7.235,0,2,4,6,8,10,13,14
7.24,0,2,4,6,8,10,13,14
7.245,0,2,4,6,8,10,13,14
7.25,0,2,4,6,8,10,13,14
7.255,0,2,4,6,8,10,13,14
7.26,0,2,4,6,8,10,13,14
7.265,0,2,4,6,8,10,13,14
7.27,0,2,4,6,8,10,13,14
7.275,0,2,4,6,8,10,13,14
7.28,0,2,4,6,8,10,13,14
7.285,0,2,4,6,8,10,13,14
7.29,0,2,4,6,8,10,13,14
7.295,0,2,4,6,8,10,13,14
7.3,0,2,4,6,8,10,13,14
7.305,0,2,4,6,8,10,13,14
7.31,0,2,4,6,8,10,13,14
7.315,0,2,4,6,8,10,13,14
7.32,0,2,4,6,8,10,13,14
7.325,0,2,4,6,8,10,13,14
7.33,0,2,4,6,8,10,13,14
7.335,0,2,4,6,8,10,13,14
7.34,0,2,4,6,8,10,13,14
7.345,0,2,4,6,8,10,13,14
7.35,0,2,4,6,8,10,13,14
7.355,0,2,4,6,8,10,13,14
7.36,0,2,4,6,8,10,13,14
7.365,0,2,4,6,8,10,13,14
7.37,0,2,4,6,8,10,13,14
7.375,0,2,4,6,8,10,13,14
7.38,0,2,4,6,8,10,13,14
7.385,0,2,4,6,8,10,13,14
7.39,0,2,4,6,8,10,13,14
7.395,0,2,4,6,8,10,13,14
7.4,0,2,4,6,8,10,13,14
7.405,0,2,4,6,8,10,13,14
7.41,0,2,4,6,8,10,13,14
7.415,0,2,4,6,8,10,13,14
7.42,0,2,4,6,8,10,13,14
7.425,0,2,4,6,8,10,13,14
7.43,0,2,4,6,8,10,13,14
7.435,0,2,4,6,8,10,13,14
7.44,0,2,4,6,8,10,13,14
7.445,0,2,4,6,8,10,13,14
7.45,0,2,4,6,8,10,13,14
7.455,0,2,4,6,8,10,13,14
7.46,0,2,4,6,8,10,13,14
7.465,0,2,4,6,8,10,13,14
7.47,0,2,4,6,8,10,13,14
7.475,0,2,4,6,8,10,13,14
7.48,0,2,4,6,8,10,13,14
7.485,0,2,4,6,8,10,13,14
7.49,0,2,4,6,8,10,13,14
7.495,0,2,4,6,8,10,13,14
7.5,0,2,4,6,8,10,13,14
7.505,0,2,4,6,8,10,13,14
7.51,0,2,4,6,8,10,13,14
7.515,0,2,4,6,8,10,13,14
7.52,0,2,4,6,8,10,13,14
7.525,0,2,4,6,8,10,13,14
7.53,0,2,4,6,8,10,13,14
7.535,0,2,4,6,8,10,13,14
7.54,0,2,4,6,8,10,13,14
7.545,0,2,4,6,8,10,13,14
7.55,0,2,4,6,8,10,13,14
7.555,0,2,4,6,8,10,13,14
7.56,0,2,4,6,8,10,13,14
7.565,0,2,4,6,8,10,13,14
7.57,0,2,4,6,8,10,13,14
7.575,0,2,4,6,8,10,13,14
7.58,0,2,4,6,8,10,13,14
7.585,0,2,4,6,8,10,13,14
7.59,0,2,4,6,8,10,13,14
7.595,0,2,4,6,8,10,13,14
7.6,0,2,4,6,8,10,13,14
7.605,0,2,4,6,8,10,13,14
7.61,0,2,4,6,8,10,13,14
7.615,0,2,4,6,8,10,13,14
7.62,0,2,4,6,8,10,13,14
7.625,0,2,4,6,8,10,13,14
7.63,0,2,4,6,8,10,13,14
7.635,0,2,4,6,8,10,13,14
7.64,0,2,4,6,8,10,13,14
7.645,0,2,4,6,8,10,13,14
7.65,0,2,4,6,8,10,13,14
7.655,0,2,4,6,8,10,13,14
7.66,0,2,4,6,8,10,13,14
7.665,0,2,4,6,8,10,13,14
7.67,0,2,4,6,8,10,13,14
7.675,0,2,4,6,8,10,13,14
7.68,0,2,4,6,8,10,13,14
7.685,0,2,4,6,8,10,13,14
7.69,0,2,4,6,8,10,13,14
7.695,0,2,4,6,8,10,13,14
7.7,0,2,4,6,8,10,13,14
7.705,0,2,4,6,8,10,13,14
7.71,0,2,4,6,8,10,13,14
7.715,0,2,4,6,8,10,13,14
7.72,0,2,4,6,8,10,13,14
7.725,0,2,4,6,8,10,13,14
7.73,0,2,4,6,8,10,13,14
7.735,0,2,4,6,8,10,13,14
7.74,0,2,4,6,8,10,13,14
7.745,0,2,4,6,8,10,13,14
7.75,0,2,4,6,8,10,13,14
7.755,0,2,4,6,8,10,13,14
7.76,0,2,4,6,8,10,13,14
7.765,0,2,4,6,8,10,13,14
7.77,0,2,4,6,8,10,13,14
7.775,0,2,4,6,8,10,13,14
7.78,0,2,4,6,8,10,13,14
7.785,0,2,4,6,8,10,13,14
7.79,0,2,4,6,8,10,13,14
7.795,0,2,4,6,8,10,13,14
7.8,0,2,4,6,8,10,13,14
7.805,0,2,4,6,8,10,13,14
7.81,0,2,4,6,8,10,13,14
7.815,0,2,4,6,8,10,13,14
7.82,0,2,4,6,8,10,13,14
7.825,0,2,4,6,8,10,13,14
7.83,0,2,4,6,8,10,13,14
7.835,0,2,4,6,8,10,13,14
7.84,0,2,4,6,8,10,13,14
7.845,0,2,4,6,8,10,13,14
7.85,0,2,4,6,8,10,13,14
7.855,0,2,4,6,8,10,13,14
7.86,0,2,4,6,8,10,13,14
7.865,0,2,4,6,8,10,13,14
7.87,0,2,4,6,8,10,13,14
7.875,0,2,4,6,8,10,13,14
7.88,0,2,4,6,8,10,13,14
7.885,0,2,4,6,8,10,13,14
7.89,0,2,4,6,8,10,13,14
7.895,0,2,4,6,8,10,13,14
7.9,0,2,4,6,8,10,13,14
7.905,0,2,4,6,8,10,13,14
7.91,0,2,4,6,8,10,13,14
7.915,0,2,4,6,8,10,13,14
7.92,0,2,4,6,8,10,13,14
7.925,0,2,4,6,8,10,13,14
7.93,0,2,4,6,8,10,13,14
7.935,0,2,4,6,8,10,13,14
7.94,0,2,4,6,8,10,13,14
7.945,0,2,4,6,8,10,13,14
7.95,0,2,4,6,8,10,13,14
7.955,0,2,4,6,8,10,13,14
7.96,0,2,4,6,8,10,13,14
7.965,0,2,4,6,8,10,13,14
7.97,0,2,4,6,8,10,13,14
7.975,0,2,4,6,8,10,13,14
7.98,0,2,4,6,8,10,13,14
7.985,0,2,4,6,8,10,13,14
7.99,0,2,4,6,8,10,13,14
7.995,0,2,4,6,8,10,13,14
8,0,2,4,6,8,10,13,14
8.005,0,2,4,6,8,10,13,14
8.01,0,2,4,6,8,10,13,14
8.015,0,2,4,6,8,10,13,14
8.02,0,2,4,6,8,10,13,14
8.025,0,2,4,6,8,10,13,14
8.03,0,2,4,6,8,10,13,14
8.035,0,2,4,6,8,10,13,14
8.04,0,2,4,6,8,10,13,14
8.045,0,2,4,6,8,10,13,14
8.05,0,2,4,6,8,10,13,14
8.055,0,2,4,6,8,10,13,14
8.06,0,2,4,6,8,10,13,14
8.065,0,2,4,6,8,10,13,14
8.07,0,2,4,6,8,10,13,14
8.075,0,2,4,6,8,10,13,14
8.08,0,2,4,6,8,10,13,14
8.085,0,2,4,6,8,10,13,14
8.09,0,2,4,6,8,10,13,14
8.095,0,2,4,6,8,10,13,14
8.1,0,2,4,6,8,10,13,14
8.105,0,2,4,6,8,10,13,14
8.11,0,2,4,6,8,10,13,14
8.115,0,2,4,6,8,10,13,14
8.12,0,2,4,6,8,10,13,14
8.125,0,2,4,6,8,10,13,14
8.13,0,2,4,6,8,10,13,14
8.135,0,2,4,6,8,10,13,14
8.14,1,3,5,7,8,10,12,14.0100002
8.145,1,3,5,7,8,10,12,14.0100002
8.15,1,3,5,7,8,10,12,14.0100002
8.155,1,3,5,7,8,10,12,14.0100002
8.16,1,3,5,7,8,10,12,14.0100002
8.165,1,3,5,7,8,10,12,14.0100002
8.17,1,3,5,7,8,10,12,14.0100002
8.175,1,3,5,7,8,10,12,14.0100002
8.18,1,3,5,7,8,10,12,14.0100002
8.185,1,3,5,7,8,10,12,14.0100002
8.19,1,3,5,7,8,10,12,14.0100002
8.195,1,3,5,7,8,10,12,14.0100002
8.2,1,3,5,7,8,10,12,14.0100002
8.205,1,3,5,7,8,10,12,14.0100002
8.21,1,3,5,7,8,10,12,14.0100002
8.215,1,3,5,7,8,10,12,14.0100002
8.22,1,3,5,7,8,10,12,14.0100002
8.225,1,3,5,7,8,10,12,14.0100002
8.23,1,3,5,7,8,10,12,14.0100002
8.235,1,3,5,7,8,10,12,14.0100002
8.24,1,3,5,7,8,10,12,14.0100002
8.245,1,3,5,7,8,10,12,14.0100002
8.25,1,3,5,7,8,10,12,14.0100002
8.255,1,3,5,7,8,10,12,14.0100002
8.26,1,3,5,7,8,10,12,14.0100002
8.265,1,3,5,7,8,10,12,14.0100002
8.27,1,3,5,7,8,10,12,14.0100002
8.275,1,3,5,7,8,10,12,14.0100002
8.28,1,3,5,7,8,10,12,14.0100002
8.285,1,3,5,7,8,10,12,14.0100002
8.29,1,3,5,7,8,10,12,14.0100002
8.295,1,3,5,7,8,10,12,14.0100002
8.3,1,3,5,7,8,10,12,14.0100002
8.305,1,3,5,7,8,10,12,14.0100002
8.31,1,3,5,7,8,10,12,14.0100002
8.315,1,3,5,7,8,10,12,14.0100002
8.32,1,3,5,7,8,10,12,14.0100002
8.325,1,3,5,7,8,10,12,14.0100002
8.33,1,3,5,7,8,10,12,14.0100002
8.335,1,3,5,7,8,10,12,14.0100002
8.34,1,3,5,7,8,10,12,14.0100002
8.345,1,3,5,7,8,10,12,14.0100002
8.35,1,3,5,7,8,10,12,14.0100002
8.355,1,3,5,7,8,10,12,14.0100002
8.36,1,3,5,7,8,10,12,14.0100002
8.365,1,3,5,7,8,10,12,14.0100002
8.37,1,3,5,7,8,10,12,14.0100002
8.375,1,3,5,7,8,10,12,14.0100002
8.38,1,3,5,7,8,10,12,14.0100002
8.385,1,3,5,7,8,10,12,14.0100002
8.39,1,3,5,7,8,10,12,14.0100002
8.395,1,3,5,7,8,10,12,14.0100002
8.4,1,3,5,7,8,10,12,14.0100002
8.405,1,3,5,7,8,10,12,14.0100002
8.41,1,3,5,7,8,10,12,14.0100002
8.415,1,3,5,7,8,10,12,14.0100002
8.42,1,3,5,7,8,10,12,14.0100002
8.425,1,3,5,7,8,10,12,14.0100002
8.43,1,3,5,7,8,10,12,14.0100002
8.435,1,3,5,7,8,10,12,14.0100002
8.44,1,3,5,7,8,10,12,14.0100002
8.445,1,3,5,7,8,10,12,14.0100002
8.45,1,3,5,7,8,10,12,14.0100002
8.455,1,3,5,7,8,10,12,14.0100002
8.46,1,3,5,7,8,10,12,14.0100002
8.465,1,3,5,7,8,10,12,14.0100002
8.47,1,3,5,7,8,10,12,14.0100002
8.475,1,3,5,7,8,10,12,14.0100002
8.48,1,3,5,7,8,10,12,14.0100002
8.485,1,3,5,7,8,10,12,14.0100002
8.49,1,3,5,7,8,10,12,14.0100002
8.495,1,3,5,7,8,10,12,14.0100002
8.5,1,3,5,7,8,10,12,14.0100002
8.505,1,3,5,7,8,10,12,14.0100002
8.51,1,3,5,7,8,10,12,14.0100002
8.515,1,3,5,7,8,10,12,14.0100002
8.52,1,3,5,7,8,10,12,14.0100002
8.525,1,3,5,7,8,10,12,14.0100002
8.53,1,3,5,7,8,10,12,14.0100002
8.535,1,3,5,7,8,10,12,14.0100002
8.54,1,3,5,7,8,10,12,14.0100002
8.545,1,3,5,7,8,10,12,14.0100002
8.55,1,3,5,7,8,10,12,14.0100002
8.555,1,3,5,7,8,10,12,14.0100002
8.56,1,3,5,7,8,10,12,14.0100002
8.565,1,3,5,7,8,10,12,14.0100002
8.57,1,3,5,7,8,10,12,14.0100002
8.575,1,3,5,7,8,10,12,14.0100002
8.58,1,3,5,7,8,10,12,14.0100002
8.585,1,3,5,7,8,10,12,14.0100002
8.59,1,3,5,7,8,10,12,14.0100002
8.595,1,3,5,7,8,10,12,14.0100002
8.6,1,3,5,7,8,10,12,14.0100002
8.605,1,3,5,7,8,10,12,14.0100002
8.61,1,3,5,7,8,10,12,14.0100002
8.615,1,3,5,7,8,10,12,14.0100002
8.62,1,3,5,7,8,10,12,14.0100002
8.625,1,3,5,7,8,10,12,14.0100002
8.63,1,3,5,7,8,10,12,14.0100002
8.635,1,3,5,7,8,10,12,14.0100002
8.64,1,3,5,7,8,10,12,14.0100002
8.645,1,3,5,7,8,10,12,14.0100002
8.65,1,3,5,7,8,10,12,14.0100002
8.655,1,3,5,7,8,10,12,14.0100002
8.66,1,3,5,7,8,10,12,14.0100002
8.665,1,3,5,7,8,10,12,14.0100002
8.67,1,3,5,7,8,10,12,14.0100002
8.675,1,3,5,7,8,10,12,14.0100002
8.68,1,3,5,7,8,10,12,14.0100002
8.685,1,3,5,7,8,10,12,14.0100002
8.69,1,3,5,7,8,10,12,14.0100002
8.695,1,3,5,7,8,10,12,14.0100002
8.7,1,3,5,7,8,10,12,14.0100002
8.705,1,3,5,7,8,10,12,14.0100002
8.71,1,3,5,7,8,10,12,14.0100002
8.715,1,3,5,7,8,10,12,14.0100002
8.72,1,3,5,7,8,10,12,14.0100002
8.725,1,3,5,7,8,10,12,14.0100002
8.73,1,3,5,7,8,10,12,14.0100002
8.735,1,3,5,7,8,10,12,14.0100002
8.74,0,2,4,6,8,10,13,14
8.745,0,2,4,6,8,10,13,14
8.75,0,2,4,6,8,10,13,14
8.755,0,2,4,6,8,10,13,14
8.76,0,2,4,6,8,10,13,14
8.765,0,2,4,6,8,10,13,14
8.77,0,2,4,6,8,10,13,14
8.775,0,2,4,6,8,10,13,14
8.78,0,2,4,6,8,10,13,14
8.785,0,2,4,6,8,10,13,14
8.79,0,2,4,6,8,10,13,14
8.795,0,2,4,6,8,10,13,14
8.8,0,2,4,6,8,10,13,14
8.805,0,2,4,6,8,10,13,14
8.81,0,2,4,6,8,10,13,14
8.815,0,2,4,6,8,10,13,14
8.82,0,2,4,6,8,10,13,14
8.825,0,2,4,6,8,10,13,14
8.83,0,2,4,6,8,10,13,14
8.835,0,2,4,6,8,10,13,14
8.84,0,2,4,6,8,10,13,14
8.845,0,2,4,6,8,10,13,14
8.85,0,2,4,6,8,10,13,14
8.855,0,2,4,6,8,10,13,14
8.86,0,2,4,6,8,10,13,14
8.865,0,2,4,6,8,10,13,14
8.87,0,2,4,6,8,10,13,14
8.875,0,2,4,6,8,10,13,14
8.88,0,2,4,6,8,10,13,14
8.885,0,2,4,6,8,10,13,14
8.89,0,2,4,6,8,10,13,14
8.895,0,2,4,6,8,10,13,14
8.9,0,2,4,6,8,10,13,14
8.905,0,2,4,6,8,10,13,14
8.91,0,2,4,6,8,10,13,14
8.915,0,2,4,6,8,10,13,14
8.92,0,2,4,6,8,10,13,14
8.925,0,2,4,6,8,10,13,14
8.93,0,2,4,6,8,10,13,14
8.935,0,2,4,6,8,10,13,14
8.94,0,2,4,6,8,10,13,14
8.945,0,2,4,6,8,10,13,14
8.95,0,2,4,6,8,10,13,14
8.955,0,2,4,6,8,10,13,14
8.96,0,2,4,6,8,10,13,14
8.965,0,2,4,6,8,10,13,14
8.97,0,2,4,6,8,10,13,14
8.975,0,2,4,6,8,10,13,14
8.98,0,2,4,6,8,10,13,14
8.985,0,2,4,6,8,10,13,14
8.99,0,2,4,6,8,10,13,14
8.995,0,2,4,6,8,10,13,14
9,0,2,4,6,8,10,13,14
9.005,0,2,4,6,8,10,13,14
9.01,0,2,4,6,8,10,13,14
9.015,0,2,4,6,8,10,13,14
9.02,0,2,4,6,8,10,13,14
9.025,0,2,4,6,8,10,13,14
9.03,0,2,4,6,8,10,13,14
9.035,0,2,4,6,8,10,13,14
9.04,1,3,5,7,8,10,12,14.0100002
9.045,1,3,5,7,8,10,12,14.0100002
9.05,1,3,5,7,8,10,12,14.0100002
9.055,1,3,5,7,8,10,12,14.0100002
9.06,1,3,5,7,8,10,12,14.0100002
9.065,1,3,5,7,8,10,12,14.0100002
9.07,1,3,5,7,8,10,12,14.0100002
9.075,1,3,5,7,8,10,12,14.0100002
9.08,1,3,5,7,8,10,12,14.0100002
9.085,1,3,5,7,8,10,12,14.0100002
9.09,1,3,5,7,8,10,12,14.0100002
9.095,1,3,5,7,8,10,12,14.0100002
9.1,1,3,5,7,8,10,12,14.0100002
9.105,1,3,5,7,8,10,12,14.0100002
9.11,1,3,5,7,8,10,12,14.0100002
9.115,1,3,5,7,8,10,12,14.0100002
9.12,1,3,5,7,8,10,12,14.0100002
9.125,1,3,5,7,8,10,12,14.0100002
9.13,1,3,5,7,8,10,12,14.0100002
9.135,1,3,5,7,8,10,12,14.0100002
9.14,1,3,5,7,8,10,12,14.0100002
9.145,1,3,5,7,8,10,12,14.0100002
9.15,1,3,5,7,8,10,12,14.0100002
9.155,1,3,5,7,8,10,12,14.0100002
9.16,1,3,5,7,8,10,12,14.0100002
9.165,1,3,5,7,8,10,12,14.0100002
9.17,1,3,5,7,8,10,12,14.0100002
9.175,1,3,5,7,8,10,12,14.0100002
9.18,1,3,5,7,8,10,12,14.0100002
9.185,1,3,5,7,8,10,12,14.0100002
9.19,1,3,5,7,8,10,12,14.0100002
9.195,1,3,5,7,8,10,12,14.0100002
9.2,1,3,5,7,8,10,12,14.0100002
9.205,1,3,5,7,8,10,12,14.0100002
9.21,1,3,5,7,8,10,12,14.0100002
9.215,1,3,5,7,8,10,12,14.0100002
9.22,1,3,5,7,8,10,12,14.0100002
9.225,1,3,5,7,8,10,12,14.0100002
9.23,1,3,5,7,8,10,12,14.0100002
9.235,1,3,5,7,8,10,12,14.0100002
9.24,1,3,5,7,8,10,12,14.0100002
9.245,1,3,5,7,8,10,12,14.0100002
9.25,1,3,5,7,8,10,12,14.0100002
9.255,1,3,5,7,8,10,12,14.0100002
9.26,1,3,5,7,8,10,12,14.0100002
9.265,1,3,5,7,8,10,12,14.0100002
9.27,1,3,5,7,8,10,12,14.0100002
9.275,1,3,5,7,8,10,12,14.0100002
9.28,1,3,5,7,8,10,12,14.0100002
9.285,1,3,5,7,8,10,12,14.0100002
9.29,1,3,5,7,8,10,12,14.0100002
9.295,1,3,5,7,8,10,12,14.0100002
9.3,1,3,5,7,8,10,12,14.0100002
9.305,1,3,5,7,8,10,12,14.0100002
9.31,1,3,5,7,8,10,12,14.0100002
9.315,1,3,5,7,8,10,12,14.0100002
9.32,1,3,5,7,8,10,12,14.0100002
9.325,1,3,5,7,8,10,12,14.0100002
9.33,1,3,5,7,8,10,12,14.0100002
9.335,1,3,5,7,8,10,12,14.0100002
9.34,1,3,5,7,8,10,12,14.0100002
9.345,1,3,5,7,8,10,12,14.0100002
9.35,1,3,5,7,8,10,12,14.0100002
9.355,1,3,5,7,8,10,12,14.0100002
9.36,1,3,5,7,8,10,12,14.0100002
9.365,1,3,5,7,8,10,12,14.0100002
9.37,1,3,5,7,8,10,12,14.0100002
9.375,1,3,5,7,8,10,12,14.0100002
9.38,1,3,5,7,8,10,12,14.0100002
9.385,1,3,5,7,8,10,12,14.0100002
9.39,1,3,5,7,8,10,12,14.0100002
9.395,1,3,5,7,8,10,12,14.0100002
9.4,1,3,5,7,8,10,12,14.0100002
9.405,1,3,5,7,8,10,12,14.0100002
9.41,1,3,5,7,8,10,12,14.0100002
9.415,1,3,5,7,8,10,12,14.0100002
9.42,1,3,5,7,8,10,12,14.0100002
9.425,1,3,5,7,8,10,12,14.0100002
9.43,1,3,5,7,8,10,12,14.0100002
9.435,1,3,5,7,8,10,12,14.0100002
9.44,1,3,5,7,8,10,12,14.0100002
9.445,1,3,5,7,8,10,12,14.0100002
9.45,1,3,5,7,8,10,12,14.0100002
9.455,1,3,5,7,8,10,12,14.0100002
9.46,1,3,5,7,8,10,12,14.0100002
9.465,1,3,5,7,8,10,12,14.0100002
9.47,1,3,5,7,8,10,12,14.0100002
9.475,1,3,5,7,8,10,12,14.0100002
9.48,1,3,5,7,8,10,12,14.0100002
9.485,1,3,5,7,8,10,12,14.0100002
9.49,1,3,5,7,8,10,12,14.0100002
9.495,1,3,5,7,8,10,12,14.0100002
9.5,1,3,5,7,8,10,12,14.0100002
9.505,1,3,5,7,8,10,12,14.0100002
9.51,1,3,5,7,8,10,12,14.0100002
9.515,1,3,5,7,8,10,12,14.0100002
9.52,1,3,5,7,8,10,12,14.0100002
9.525,1,3,5,7,8,10,12,14.0100002
9.53,1,3,5,7,8,10,12,14.0100002
9.535,1,3,5,7,8,10,12,14.0100002
9.54,1,3,5,7,8,10,12,14.0100002
9.545,1,3,5,7,8,10,12,14.0100002
9.55,1,3,5,7,8,10,12,14.0100002
9.555,1,3,5,7,8,10,12,14.0100002
9.56,1,3,5,7,8,10,12,14.0100002
9.565,1,3,5,7,8,10,12,14.0100002
9.57,1,3,5,7,8,10,12,14.0100002
9.575,1,3,5,7,8,10,12,14.0100002
9.58,1,3,5,7,8,10,12,14.0100002
9.585,1,3,5,7,8,10,12,14.0100002
9.59,1,3,5,7,8,10,12,14.0100002
9.595,1,3,5,7,8,10,12,14.0100002
9.6,1,3,5,7,8,10,12,14.0100002
9.605,1,3,5,7,8,10,12,14.0100002
9.61,1,3,5,7,8,10,12,14.0100002
9.615,1,3,5,7,8,10,12,14.0100002
9.62,1,3,5,7,8,10,12,14.0100002
9.625,1,3,5,7,8,10,12,14.0100002
9.63,1,3,5,7,8,10,12,14.0100002
9.635,1,3,5,7,8,10,12,14.0100002
9.64,1,3,5,7,8,10,12,14.0100002
9.645,1,3,5,7,8,10,12,14.0100002
9.65,1,3,5,7,8,10,12,14.0100002
9.655,1,3,5,7,8,10,12,14.0100002
9.66,1,3,5,7,8,10,12,14.0100002
9.665,1,3,5,7,8,10,12,14.0100002
9.67,1,3,5,7,8,10,12,14.0100002
9.675,1,3,5,7,8,10,12,14.0100002
9.68,1,3,5,7,8,10,12,14.0100002
9.685,1,3,5,7,8,10,12,14.0100002
9.69,1,3,5,7,8,10,12,14.0100002
9.695,1,3,5,7,8,10,12,14.0100002
9.7,1,3,5,7,8,10,12,14.0100002
9.705,1,3,5,7,8,10,12,14.0100002
9.71,1,3,5,7,8,10,12,14.0100002
9.715,1,3,5,7,8,10,12,14.0100002
9.72,1,3,5,7,8,10,12,14.0100002
9.725,1,3,5,7,8,10,12,14.0100002
9.73,1,3,5,7,8,10,12,14.0100002
9.735,1,3,5,7,8,10,12,14.0100002
9.74,0,2,4,6,8,10,13,14
9.745,0,2,4,6,8,10,13,14
9.75,0,2,4,6,8,10,13,14
9.755,0,2,4,6,8,10,13,14
9.76,0,2,4,6,8,10,13,14
9.765,0,2,4,6,8,10,13,14
9.77,0,2,4,6,8,10,13,14
9.775,0,2,4,6,8,10,13,14
9.78,0,2,4,6,8,10,13,14
9.785,0,2,4,6,8,10,13,14
9.79,0,2,4,6,8,10,13,14
9.795,0,2,4,6,8,10,13,14
9.8,0,2,4,6,8,10,13,14
9.805,0,2,4,6,8,10,13,14
9.81,0,2,4,6,8,10,13,14
9.815,0,2,4,6,8,10,13,14
9.82,0,2,4,6,8,10,13,14
9.825,0,2,4,6,8,10,13,14
9.83,0,2,4,6,8,10,13,14
9.835,0,2,4,6,8,10,13,14
9.84,0,2,4,6,8,10,13,14
9.845,0,2,4,6,8,10,13,14
9.85,0,2,4,6,8,10,13,14
9.855,0,2,4,6,8,10,13,14
9.86,0,2,4,6,8,10,13,14
9.865,0,2,4,6,8,10,13,14
9.87,0,2,4,6,8,10,13,14
9.875,0,2,4,6,8,10,13,14
9.88,0,2,4,6,8,10,13,14
9.885,0,2,4,6,8,10,13,14
9.89,0,2,4,6,8,10,13,14
9.895,0,2,4,6,8,10,13,14
9.9,0,2,4,6,8,10,13,14
9.905,0,2,4,6,8,10,13,14
9.91,0,2,4,6,8,10,13,14
9.915,0,2,4,6,8,10,13,14
9.92,0,2,4,6,8,10,13,14
9.925,0,2,4,6,8,10,13,14
9.93,0,2,4,6,8,10,13,14
9.935,0,2,4,6,8,10,13,14
9.94,0,2,4,6,8,10,13,14
9.945,0,2,4,6,8,10,13,14
9.95,0,2,4,6,8,10,13,14
9.955,0,2,4,6,8,10,13,14
9.96,0,2,4,6,8,10,13,14
9.965,0,2,4,6,8,10,13,14
9.97,0,2,4,6,8,10,13,14
9.975,0,2,4,6,8,10,13,14
9.98,0,2,4,6,8,10,13,14
9.985,0,2,4,6,8,10,13,14
9.99,0,2,4,6,8,10,13,14
9.995,0,2,4,6,8,10,13,14
10,0,2,4,6,8,10,13,14
10.005,0,2,4,6,8,10,13,14
10.01,0,2,4,6,8,10,13,14
10.015,0,2,4,6,8,10,13,14
10.02,0,2,4,6,8,10,13,14
10.025,0,2,4,6,8,10,13,14
10.03,0,2,4,6,8,10,13,14
10.035,0,2,4,6,8,10,13,14
10.04,0,2,4,6,8,10,13,14
10.045,0,2,4,6,8,10,13,14
10.05,0,2,4,6,8,10,13,14
10.055,0,2,4,6,8,10,13,14
10.06,0,2,4,6,8,10,13,14
10.065,0,2,4,6,8,10,13,14
10.07,0,2,4,6,8,10,13,14
10.075,0,2,4,6,8,10,13,14
10.08,0,2,4,6,8,10,13,14
10.085,0,2,4,6,8,10,13,14
10.09,0,2,4,6,8,10,13,14
10.095,0,2,4,6,8,10,13,14
10.1,0,2,4,6,8,10,13,14
10.105,0,2,4,6,8,10,13,14
10.11,0,2,4,6,8,10,13,14
10.115,0,2,4,6,8,10,13,14
10.12,0,2,4,6,8,10,13,14
10.125,0,2,4,6,8,10,13,14
10.13,0,2,4,6,8,10,13,14
10.135,0,2,4,6,8,10,13,14
10.14,0,2,4,6,8,10,13,14
10.145,0,2,4,6,8,10,13,14
10.15,0,2,4,6,8,10,13,14
10.155,0,2,4,6,8,10,13,14
10.16,0,2,4,6,8,10,13,14
10.165,0,2,4,6,8,10,13,14
10.17,0,2,4,6,8,10,13,14
10.175,0,2,4,6,8,10,13,14
10.18,0,2,4,6,8,10,13,14
10.185,0,2,4,6,8,10,13,14
10.19,0,2,4,6,8,10,13,14
10.195,0,2,4,6,8,10,13,14
10.2,0,2,4,6,8,10,13,14
10.205,0,2,4,6,8,10,13,14
10.21,0,2,4,6,8,10,13,14
10.215,0,2,4,6,8,10,13,14
10.22,0,2,4,6,8,10,13,14
10.225,0,2,4,6,8,10,13,14
10.23,0,2,4,6,8,10,13,14
10.235,0,2,4,6,8,10,13,14
10.24,0,2,4,6,8,10,13,14
10.245,0,2,4,6,8,10,13,14
10.25,0,2,4,6,8,10,13,14
10.255,0,2,4,6,8,10,13,14
10.26,0,2,4,6,8,10,13,14
10.265,0,2,4,6,8,10,13,14
10.27,0,2,4,6,8,10,13,14
10.275,0,2,4,6,8,10,13,14
10.28,0,2,4,6,8,10,13,14
10.285,0,2,4,6,8,10,13,14
10.29,0,2,4,6,8,10,13,14
10.295,0,2,4,6,8,10,13,14
10.3,0,2,4,6,8,10,13,14
10.305,0,2,4,6,8,10,13,14
10.31,0,2,4,6,8,10,13,14
10.315,0,2,4,6,8,10,13,14
10.32,0,2,4,6,8,10,13,14
10.325,0,2,4,6,8,10,13,14
10.33,0,2,4,6,8,10,13,14
10.335,0,2,4,6,8,10,13,14
10.34,0,2,4,6,8,10,13,14
10.345,0,2,4,6,8,10,13,14
10.35,0,2,4,6,8,10,13,14
10.355,0,2,4,6,8,10,13,14
10.36,0,2,4,6,8,10,13,14
10.365,0,2,4,6,8,10,13,14
10.37,0,2,4,6,8,10,13,14
10.375,0,2,4,6,8,10,13,14
10.38,0,2,4,6,8,10,13,14
10.385,0,2,4,6,8,10,13,14
10.39,0,2,4,6,8,10,13,14
10.395,0,2,4,6,8,10,13,14
10.4,0,2,4,6,8,10,13,14
10.405,0,2,4,6,8,10,13,14
10.41,0,2,4,6,8,10,13,14
10.415,0,2,4,6,8,10,13,14
10.42,0,2,4,6,8,10,13,14
10.425,0,2,4,6,8,10,13,14
10.43,0,2,4,6,8,10,13,14
10.435,0,2,4,6,8,10,13,14
10.44,0,2,4,6,8,10,13,14
10.445,0,2,4,6,8,10,13,14
10.45,0,2,4,6,8,10,13,14
10.455,0,2,4,6,8,10,13,14
10.46,0,2,4,6,8,10,13,14
10.465,0,2,4,6,8,10,13,14
10.47,0,2,4,6,8,10,13,14
10.475,0,2,4,6,8,10,13,14
10.48,0,2,4,6,8,10,13,14
10.485,0,2,4,6,8,10,13,14
10.49,0,2,4,6,8,10,13,14
10.495,0,2,4,6,8,10,13,14
10.5,0,2,4,6,8,10,13,14
10.505,0,2,4,6,8,10,13,14
10.51,0,2,4,6,8,10,13,14
10.515,0,2,4,6,8,10,13,14
10.52,0,2,4,6,8,10,13,14
10.525,0,2,4,6,8,10,13,14
10.53,0,2,4,6,8,10,13,14
10.535,0,2,4,6,8,10,13,14
10.54,0,2,4,6,8,10,13,14
10.545,0,2,4,6,8,10,13,14
10.55,0,2,4,6,8,10,13,14
10.555,0,2,4,6,8,10,13,14
10.56,0,2,4,6,8,10,13,14
10.565,0,2,4,6,8,10,13,14
10.57,0,2,4,6,8,10,13,14
10.575,0,2,4,6,8,10,13,14
10.58,0,2,4,6,8,10,13,14
10.585,0,2,4,6,8,10,13,14
10.59,0,2,4,6,8,10,13,14
10.595,0,2,4,6,8,10,13,14
10.6,0,2,4,6,8,10,13,14
10.605,0,2,4,6,8,10,13,14
10.61,0,2,4,6,8,10,13,14
10.615,0,2,4,6,8,10,13,14
10.62,0,2,4,6,8,10,13,14
10.625,0,2,4,6,8,10,13,14
10.63,0,2,4,6,8,10,13,14
10.635,0,2,4,6,8,10,13,14
10.64,0,2,4,6,8,10,13,14
10.645,0,2,4,6,8,10,13,14
10.65,0,2,4,6,8,10,13,14
10.655,0,2,4,6,8,10,13,14
10.66,0,2,4,6,8,10,13,14
10.665,0,2,4,6,8,10,13,14
10.67,0,2,4,6,8,10,13,14
10.675,0,2,4,6,8,10,13,14
10.68,0,2,4,6,8,10,13,14
10.685,0,2,4,6,8,10,13,14
10.69,0,2,4,6,8,10,13,14
10.695,0,2,4,6,8,10,13,14
10.7,0,2,4,6,8,10,13,14
10.705,0,2,4,6,8,10,13,14
10.71,0,2,4,6,8,10,13,14
10.715,0,2,4,6,8,10,13,14
10.72,0,2,4,6,8,10,13,14
10.725,0,2,4,6,8,10,13,14
10.73,0,2,4,6,8,10,13,14
10.735,0,2,4,6,8,10,13,14
10.74,0,2,4,6,8,10,13,14
10.745,0,2,4,6,8,10,13,14
10.75,0,2,4,6,8,10,13,14
10.755,0,2,4,6,8,10,13,14
10.76,0,2,4,6,8,10,13,14
10.765,0,2,4,6,8,10,13,14
10.77,0,2,4,6,8,10,13,14
10.775,0,2,4,6,8,10,13,14
10.78,0,2,4,6,8,10,13,14
10.785,0,2,4,6,8,10,13,14
10.79,0,2,4,6,8,10,13,14
10.795,0,2,4,6,8,10,13,14
10.8,0,2,4,6,8,10,13,14
10.805,0,2,4,6,8,10,13,14
10.81,0,2,4,6,8,10,13,14
10.815,0,2,4,6,8,10,13,14
10.82,0,2,4,6,8,10,13,14
10.825,0,2,4,6,8,10,13,14
10.83,0,2,4,6,8,10,13,14
10.835,0,2,4,6,8,10,13,14
10.84,0,2,4,6,8,10,13,14
10.845,0,2,4,6,8,10,13,14
10.85,0,2,4,6,8,10,13,14
10.855,0,2,4,6,8,10,13,14
10.86,0,2,4,6,8,10,13,14
10.865,0,2,4,6,8,10,13,14
10.87,0,2,4,6,8,10,13,14
10.875,0,2,4,6,8,10,13,14
10.88,0,2,4,6,8,10,13,14
10.885,0,2,4,6,8,10,13,14
10.89,0,2,4,6,8,10,13,14
10.895,0,2,4,6,8,10,13,14
10.9,0,2,4,6,8,10,13,14
10.905,0,2,4,6,8,10,13,14
10.91,0,2,4,6,8,10,13,14
10.915,0,2,4,6,8,10,13,14
10.92,0,2,4,6,8,10,13,14
10.925,0,2,4,6,8,10,13,14
10.93,0,2,4,6,8,10,13,14
10.935,0,2,4,6,8,10,13,14
10.94,0,2,4,6,8,10,13,14
10.945,0,2,4,6,8,10,13,14
10.95,0,2,4,6,8,10,13,14
10.955,0,2,4,6,8,10,13,14
10.96,0,2,4,6,8,10,13,14
10.965,0,2,4,6,8,10,13,14
10.97,0,2,4,6,8,10,13,14
10.975,0,2,4,6,8,10,13,14
10.98,0,2,4,6,8,10,13,14
10.985,0,2,4,6,8,10,13,14
10.99,0,2,4,6,8,10,13,14
10.995,0,2,4,6,8,10,13,14
11,0,2,4,6,8,10,13,14
11.005,0,2,4,6,8,10,13,14
11.01,0,2,4,6,8,10,13,14
11.015,0,2,4,6,8,10,13,14
11.02,0,2,4,6,8,10,13,14
11.025,0,2,4,6,8,10,13,14
11.03,0,2,4,6,8,10,13,14
11.035,0,2,4,6,8,10,13,14
11.04,0,2,4,6,8,10,13,14
11.045,0,2,4,6,8,10,13,14
11.05,0,2,4,6,8,10,13,14
11.055,0,2,4,6,8,10,13,14
11.06,0,2,4,6,8,10,13,14
11.065,0,2,4,6,8,10,13,14
11.07,0,2,4,6,8,10,13,14
11.075,0,2,4,6,8,10,13,14
11.08,0,2,4,6,8,10,13,14
11.085,0,2,4,6,8,10,13,14
11.09,0,2,4,6,8,10,13,14
11.095,0,2,4,6,8,10,13,14
11.1,0,2,4,6,8,10,13,14
11.105,0,2,4,6,8,10,13,14
11.11,0,2,4,6,8,10,13,14
11.115,0,2,4,6,8,10,13,14
11.12,0,2,4,6,8,10,13,14
11.125,0,2,4,6,8,10,13,14
11.13,0,2,4,6,8,10,13,14
11.135,0,2,4,6,8,10,13,14
11.14,0,2,4,6,8,10,13,14
11.145,0,2,4,6,8,10,13,14
11.15,0,2,4,6,8,10,13,14
11.155,0,2,4,6,8,10,13,14
11.16,0,2,4,6,8,10,13,14
11.165,0,2,4,6,8,10,13,14
11.17,0,2,4,6,8,10,13,14
11.175,0,2,4,6,8,10,13,14
11.18,0,2,4,6,8,10,13,14
11.185,0,2,4,6,8,10,13,14
11.19,0,2,4,6,8,10,13,14
11.195,0,2,4,6,8,10,13,14
11.2,0,2,4,6,8,10,13,14
11.205,0,2,4,6,8,10,13,14
11.21,0,2,4,6,8,10,13,14
11.215,0,2,4,6,8,10,13,14
11.22,0,2,4,6,8,10,13,14
11.225,0,2,4,6,8,10,13,14
11.23,0,2,4,6,8,10,13,14
11.235,0,2,4,6,8,10,13,14
11.24,0,2,4,6,8,10,13,14
11.245,0,2,4,6,8,10,13,14
11.25,0,2,4,6,8,10,13,14
11.255,0,2,4,6,8,10,13,14
11.26,0,2,4,6,8,10,13,14
11.265,0,2,4,6,8,10,13,14
11.27,0,2,4,6,8,10,13,14
11.275,0,2,4,6,8,10,13,14
11.28,0,2,4,6,8,10,13,14
11.285,0,2,4,6,8,10,13,14
11.29,0,2,4,6,8,10,13,14
11.295,0,2,4,6,8,10,13,14
11.3,0,2,4,6,8,10,13,14
11.305,0,2,4,6,8,10,13,14
11.31,0,2,4,6,8,10,13,14
11.315,0,2,4,6,8,10,13,14
11.32,0,2,4,6,8,10,13,14
11.325,0,2,4,6,8,10,13,14
11.33,0,2,4,6,8,10,13,14
11.335,0,2,4,6,8,10,13,14
11.34,0,2,4,6,8,10,13,14
11.345,0,2,4,6,8,10,13,14
11.35,0,2,4,6,8,10,13,14
11.355,0,2,4,6,8,10,13,14
11.36,0,2,4,6,8,10,13,14
11.365,0,2,4,6,8,10,13,14
11.37,0,2,4,6,8,10,13,14
11.375,0,2,4,6,8,10,13,14
11.38,0,2,4,6,8,10,13,14
11.385,0,2,4,6,8,10,13,14
11.39,0,2,4,6,8,10,13,14
11.395,0,2,4,6,8,10,13,14
11.4,0,2,4,6,8,10,13,14
11.405,0,2,4,6,8,10,13,14
11.41,0,2,4,6,8,10,13,14
11.415,0,2,4,6,8,10,13,14
11.42,0,2,4,6,8,10,13,14
11.425,0,2,4,6,8,10,13,14
11.43,0,2,4,6,8,10,13,14
11.435,0,2,4,6,8,10,13,14
11.44,0,2,4,6,8,10,13,14
11.445,0,2,4,6,8,10,13,14
11.45,0,2,4,6,8,10,13,14
11.455,0,2,4,6,8,10,13,14
11.46,0,2,4,6,8,10,13,14
11.465,0,2,4,6,8,10,13,14
11.47,0,2,4,6,8,10,13,14
11.475,0,2,4,6,8,10,13,14
11.48,0,2,4,6,8,10,13,14
11.485,0,2,4,6,8,10,13,14
11.49,0,2,4,6,8,10,13,14
11.495,0,2,4,6,8,10,13,14
11.5,0,2,4,6,8,10,13,14
11.505,0,2,4,6,8,10,13,14
11.51,0,2,4,6,8,10,13,14
11.515,0,2,4,6,8,10,13,14
11.52,0,2,4,6,8,10,13,14
11.525,0,2,4,6,8,10,13,14
11.53,0,2,4,6,8,10,13,14
11.535,0,2,4,6,8,10,13,14
11.54,0,2,4,6,8,10,13,14
11.545,0,2,4,6,8,10,13,14
11.55,0,2,4,6,8,10,13,14
11.555,0,2,4,6,8,10,13,14
11.56,0,2,4,6,8,10,13,14
11.565,0,2,4,6,8,10,13,14
11.57,0,2,4,6,8,10,13,14
11.575,0,2,4,6,8,10,13,14
11.58,0,2,4,6,8,10,13,14
11.585,0,2,4,6,8,10,13,14
11.59,0,2,4,6,8,10,13,14
11.595,0,2,4,6,8,10,13,14
11.6,0,2,4,6,8,10,13,14
11.605,0,2,4,6,8,10,13,14
11.61,0,2,4,6,8,10,13,14
11.615,0,2,4,6,8,10,13,14
11.62,0,2,4,6,8,10,13,14
11.625,0,2,4,6,8,10,13,14
11.63,0,2,4,6,8,10,13,14
11.635,0,2,4,6,8,10,13,14
11.64,0,2,4,6,8,10,13,14
11.645,0,2,4,6,8,10,13,14
11.65,0,2,4,6,8,10,13,14
11.655,0,2,4,6,8,10,13,14
11.66,0,2,4,6,8,10,13,14
11.665,0,2,4,6,8,10,13,14
11.67,0,2,4,6,8,10,13,14
11.675,0,2,4,6,8,10,13,14
11.68,0,2,4,6,8,10,13,14
11.685,0,2,4,6,8,10,13,14
11.69,0,2,4,6,8,10,13,14
11.695,0,2,4,6,8,10,13,14
11.7,0,2,4,6,8,10,13,14
11.705,0,2,4,6,8,10,13,14
11.71,0,2,4,6,8,10,13,14
11.715,0,2,4,6,8,10,13,14
11.72,0,2,4,6,8,10,13,14
11.725,0,2,4,6,8,10,13,14
11.73,0,2,4,6,8,10,13,14
11.735,0,2,4,6,8,10,13,14
11.74,0,2,4,6,8,10,13,14
11.745,0,2,4,6,8,10,13,14
11.75,0,2,4,6,8,10,13,14
11.755,0,2,4,6,8,10,13,14
11.76,0,2,4,6,8,10,13,14
11.765,0,2,4,6,8,10,13,14
11.77,0,2,4,6,8,10,13,14
11.775,0,2,4,6,8,10,13,14
11.78,0,2,4,6,8,10,13,14
11.785,0,2,4,6,8,10,13,14
11.79,0,2,4,6,8,10,13,14
11.795,0,2,4,6,8,10,13,14
11.8,0,2,4,6,8,10,13,14
11.805,0,2,4,6,8,10,13,14
11.81,0,2,4,6,8,10,13,14
11.815,0,2,4,6,8,10,13,14
11.82,0,2,4,6,8,10,13,14
11.825,0,2,4,6,8,10,13,14
11.83,0,2,4,6,8,10,13,14
11.835,0,2,4,6,8,10,13,14
11.84,0,2,4,6,8,10,13,14
11.845,0,2,4,6,8,10,13,14
11.85,0,2,4,6,8,10,13,14
11.855,0,2,4,6,8,10,13,14
11.86,0,2,4,6,8,10,13,14
11.865,0,2,4,6,8,10,13,14
11.87,0,2,4,6,8,10,13,14
11.875,0,2,4,6,8,10,13,14
11.88,0,2,4,6,8,10,13,14
11.885,0,2,4,6,8,10,13,14
11.89,0,2,4,6,8,10,13,14
11.895,0,2,4,6,8,10,13,14
11.9,0,2,4,6,8,10,13,14
11.905,0,2,4,6,8,10,13,14
11.91,0,2,4,6,8,10,13,14
11.915,0,2,4,6,8,10,13,14
11.92,0,2,4,6,8,10,13,14
11.925,0,2,4,6,8,10,13,14
11.93,0,2,4,6,8,10,13,14
11.935,0,2,4,6,8,10,13,14
11.94,0,2,4,6,8,10,13,14
11.945,0,2,4,6,8,10,13,14
11.95,0,2,4,6,8,10,13,14
11.955,0,2,4,6,8,10,13,14
11.96,0,2,4,6,8,10,13,14
11.965,0,2,4,6,8,10,13,14
11.97,0,2,4,6,8,10,13,14
11.975,0,2,4,6,8,10,13,14
11.98,0,2,4,6,8,10,13,14
11.985,0,2,4,6,8,10,13,14
11.99,0,2,4,6,8,10,13,14
11.995,0,2,4,6,8,10,13,14
12,0,2,4,6,8,10,13,14
12.005,0,2,4,6,8,10,13,14
12.01,0,2,4,6,8,10,13,14
12.015,0,2,4,6,8,10,13,14
12.02,0,2,4,6,8,10,13,14
12.025,0,2,4,6,8,10,13,14
12.03,0,2,4,6,8,10,13,14
12.035,0,2,4,6,8,10,13,14
12.04,0,2,4,6,8,10,13,14
12.045,0,2,4,6,8,10,13,14
12.05,0,2,4,6,8,10,13,14
12.055,0,2,4,6,8,10,13,14
12.06,0,2,4,6,8,10,13,14
12.065,0,2,4,6,8,10,13,14
12.07,0,2,4,6,8,10,13,14
12.075,0,2,4,6,8,10,13,14
12.08,0,2,4,6,8,10,13,14
12.085,0,2,4,6,8,10,13,14
12.09,0,2,4,6,8,10,13,14
12.095,0,2,4,6,8,10,13,14
12.1,0,2,4,6,8,10,13,14
12.105,0,2,4,6,8,10,13,14
12.11,0,2,4,6,8,10,13,14
12.115,0,2,4,6,8,10,13,14
12.12,0,2,4,6,8,10,13,14
12.125,0,2,4,6,8,10,13,14
12.13,0,2,4,6,8,10,13,14
12.135,0,2,4,6,8,10,13,14
12.14,0,2,4,6,8,10,13,14
12.145,0,2,4,6,8,10,13,14
12.15,0,2,4,6,8,10,13,14
12.155,0,2,4,6,8,10,13,14
12.16,0,2,4,6,8,10,13,14
12.165,0,2,4,6,8,10,13,14
12.17,0,2,4,6,8,10,13,14
12.175,0,2,4,6,8,10,13,14
12.18,0,2,4,6,8,10,13,14
12.185,0,2,4,6,8,10,13,14
12.19,0,2,4,6,8,10,13,14
12.195,0,2,4,6,8,10,13,14
12.2,0,2,4,6,8,10,13,14
12.205,0,2,4,6,8,10,13,14
12.21,0,2,4,6,8,10,13,14
12.215,0,2,4,6,8,10,13,14
12.22,0,2,4,6,8,10,13,14
12.225,0,2,4,6,8,10,13,14
12.23,0,2,4,6,8,10,13,14
12.235,0,2,4,6,8,10,13,14
12.24,0,2,4,6,8,10,13,14
12.245,0,2,4,6,8,10,13,14
12.25,0,2,4,6,8,10,13,14
12.255,0,2,4,6,8,10,13,14
12.26,0,2,4,6,8,10,13,14
12.265,0,2,4,6,8,10,13,14
12.27,0,2,4,6,8,10,13,14
12.275,0,2,4,6,8,10,13,14
12.28,0,2,4,6,8,10,13,14
12.285,0,2,4,6,8,10,13,14
12.29,0,2,4,6,8,10,13,14
12.295,0,2,4,6,8,10,13,14
12.3,0,2,4,6,8,10,13,14
12.305,0,2,4,6,8,10,13,14
12.31,0,2,4,6,8,10,13,14
12.315,0,2,4,6,8,10,13,14
12.32,0,2,4,6,8,10,13,14
12.325,0,2,4,6,8,10,13,14
12.33,0,2,4,6,8,10,13,14
12.335,0,2,4,6,8,10,13,14
12.34,0,2,4,6,8,10,13,14
12.345,0,2,4,6,8,10,13,14
12.35,0,2,4,6,8,10,13,14
12.355,0,2,4,6,8,10,13,14
12.36,0,2,4,6,8,10,13,14
12.365,0,2,4,6,8,10,13,14
12.37,0,2,4,6,8,10,13,14
12.375,0,2,4,6,8,10,13,14
12.38,0,2,4,6,8,10,13,14
12.385,0,2,4,6,8,10,13,14
12.39,0,2,4,6,8,10,13,14
12.395,0,2,4,6,8,10,13,14
12.4,0,2,4,6,8,10,13,14
12.405,0,2,4,6,8,10,13,14
12.41,0,2,4,6,8,10,13,14
12.415,0,2,4,6,8,10,13,14
12.42,0,2,4,6,8,10,13,14
12.425,0,2,4,6,8,10,13,14
12.43,0,2,4,6,8,10,13,14
12.435,0,2,4,6,8,10,13,14
12.44,0,2,4,6,8,10,13,14
12.445,0,2,4,6,8,10,13,14
12.45,0,2,4,6,8,10,13,14
12.455,0,2,4,6,8,10,13,14
12.46,0,2,4,6,8,10,13,14
12.465,0,2,4,6,8,10,13,14
12.47,0,2,4,6,8,10,13,14
12.475,0,2,4,6,8,10,13,14
12.48,0,2,4,6,8,10,13,14
12.485,0,2,4,6,8,10,13,14
12.49,0,2,4,6,8,10,13,14
12.495,0,2,4,6,8,10,13,14
12.5,0,2,4,6,8,10,13,14
12.505,0,2,4,6,8,10,13,14
12.51,0,2,4,6,8,10,13,14
12.515,0,2,4,6,8,10,13,14
12.52,0,2,4,6,8,10,13,14
12.525,0,2,4,6,8,10,13,14
12.53,0,2,4,6,8,10,13,14
12.535,0,2,4,6,8,10,13,14
12.54,0,2,4,6,8,10,13,14
12.545,0,2,4,6,8,10,13,14
12.55,0,2,4,6,8,10,13,14
12.555,0,2,4,6,8,10,13,14
12.56,0,2,4,6,8,10,13,14
12.565,0,2,4,6,8,10,13,14
12.57,0,2,4,6,8,10,13,14
12.575,0,2,4,6,8,10,13,14
12.58,0,2,4,6,8,10,13,14
12.585,0,2,4,6,8,10,13,14
12.59,0,2,4,6,8,10,13,14
12.595,0,2,4,6,8,10,13,14
12.6,0,2,4,6,8,10,13,14
12.605,0,2,4,6,8,10,13,14
12.61,0,2,4,6,8,10,13,14
12.615,0,2,4,6,8,10,13,14
12.62,0,2,4,6,8,10,13,14
12.625,0,2,4,6,8,10,13,14
12.63,0,2,4,6,8,10,13,14
12.635,0,2,4,6,8,10,13,14
12.64,0,2,4,6,8,10,13,14
12.645,0,2,4,6,8,10,13,14
12.65,0,2,4,6,8,10,13,14
12.655,0,2,4,6,8,10,13,14
12.66,0,2,4,6,8,10,13,14
12.665,0,2,4,6,8,10,13,14
12.67,0,2,4,6,8,10,13,14
12.675,0,2,4,6,8,10,13,14
12.68,0,2,4,6,8,10,13,14
12.685,0,2,4,6,8,10,13,14
12.69,0,2,4,6,8,10,13,14
12.695,0,2,4,6,8,10,13,14
12.7,0,2,4,6,8,10,13,14
12.705,0,2,4,6,8,10,13,14
12.71,0,2,4,6,8,10,13,14
12.715,0,2,4,6,8,10,13,14
12.72,0,2,4,6,8,10,13,14
12.725,0,2,4,6,8,10,13,14
12.73,0,2,4,6,8,10,13,14
12.735,0,2,4,6,8,10,13,14
12.74,0,2,4,6,8,10,13,14
12.745,0,2,4,6,8,10,13,14
12.75,0,2,4,6,8,10,13,14
12.755,0,2,4,6,8,10,13,14
12.76,0,2,4,6,8,10,13,14
12.765,0,2,4,6,8,10,13,14
12.77,0,2,4,6,8,10,13,14
12.775,0,2,4,6,8,10,13,14
12.78,0,2,4,6,8,10,13,14
12.785,0,2,4,6,8,10,13,14
12.79,0,2,4,6,8,10,13,14
12.795,0,2,4,6,8,10,13,14
12.8,0,2,4,6,8,10,13,14
12.805,0,2,4,6,8,10,13,14
12.81,0,2,4,6,8,10,13,14
12.815,0,2,4,6,8,10,13,14
12.82,0,2,4,6,8,10,13,14
12.825,0,2,4,6,8,10,13,14
12.83,0,2,4,6,8,10,13,14
12.835,0,2,4,6,8,10,13,14
12.84,0,2,4,6,8,10,13,14
12.845,0,2,4,6,8,10,13,14
12.85,0,2,4,6,8,10,13,14
12.855,0,2,4,6,8,10,13,14
12.86,0,2,4,6,8,10,13,14
12.865,0,2,4,6,8,10,13,14
12.87,0,2,4,6,8,10,13,14
12.875,0,2,4,6,8,10,13,14
12.88,0,2,4,6,8,10,13,14
12.885,0,2,4,6,8,10,13,14
12.89,0,2,4,6,8,10,13,14
12.895,0,2,4,6,8,10,13,14
12.9,0,2,4,6,8,10,13,14
12.905,0,2,4,6,8,10,13,14
12.91,0,2,4,6,8,10,13,14
12.915,0,2,4,6,8,10,13,14
12.92,0,2,4,6,8,10,13,14
12.925,0,2,4,6,8,10,13,14
12.93,0,2,4,6,8,10,13,14
12.935,0,2,4,6,8,10,13,14
12.94,0,2,4,6,8,10,13,14
12.945,0,2,4,6,8,10,13,14
12.95,0,2,4,6,8,10,13,14
12.955,0,2,4,6,8,10,13,14
12.96,0,2,4,6,8,10,13,14
12.965,0,2,4,6,8,10,13,14
12.97,0,2,4,6,8,10,13,14
12.975,0,2,4,6,8,10,13,14
12.98,0,2,4,6,8,10,13,14
12.985,0,2,4,6,8,10,13,14
12.99,0,2,4,6,8,10,13,14
12.995,0,2,4,6,8,10,13,14
13,0,2,4,6,8,10,13,14
13.005,0,2,4,6,8,10,13,14
13.01,0,2,4,6,8,10,13,14
13.015,0,2,4,6,8,10,13,14
13.02,0,2,4,6,8,10,13,14
13.025,0,2,4,6,8,10,13,14
13.03,0,2,4,6,8,10,13,14
13.035,0,2,4,6,8,10,13,14
13.04,0,2,4,6,8,10,13,14
13.045,0,2,4,6,8,10,13,14
13.05,0,2,4,6,8,10,13,14
13.055,0,2,4,6,8,10,13,14
13.06,0,2,4,6,8,10,13,14
13.065,0,2,4,6,8,10,13,14
13.07,0,2,4,6,8,10,13,14
13.075,0,2,4,6,8,10,13,14
13.08,0,2,4,6,8,10,13,14
13.085,0,2,4,6,8,10,13,14
13.09,0,2,4,6,8,10,13,14
13.095,0,2,4,6,8,10,13,14
13.1,0,2,4,6,8,10,13,14
13.105,0,2,4,6,8,10,13,14
13.11,0,2,4,6,8,10,13,14
13.115,0,2,4,6,8,10,13,14
13.12,0,2,4,6,8,10,13,14
13.125,0,2,4,6,8,10,13,14
13.13,0,2,4,6,8,10,13,14
13.135,0,2,4,6,8,10,13,14
13.14,0,2,4,6,8,10,13,14
13.145,0,2,4,6,8,10,13,14
13.15,0,2,4,6,8,10,13,14
13.155,0,2,4,6,8,10,13,14
13.16,0,2,4,6,8,10,13,14
13.165,0,2,4,6,8,10,13,14
13.17,0,2,4,6,8,10,13,14
13.175,0,2,4,6,8,10,13,14
13.18,0,2,4,6,8,10,13,14
13.185,0,2,4,6,8,10,13,14
13.19,0,2,4,6,8,10,13,14
13.195,0,2,4,6,8,10,13,14
13.2,0,2,4,6,8,10,13,14
13.205,0,2,4,6,8,10,13,14
13.21,0,2,4,6,8,10,13,14
13.215,0,2,4,6,8,10,13,14
13.22,0,2,4,6,8,10,13,14
13.225,0,2,4,6,8,10,13,14
13.23,0,2,4,6,8,10,13,14
13.235,0,2,4,6,8,10,13,14
13.24,0,2,4,6,8,10,13,14
13.245,0,2,4,6,8,10,13,14
13.25,0,2,4,6,8,10,13,14
13.255,0,2,4,6,8,10,13,14
13.26,0,2,4,6,8,10,13,14
13.265,0,2,4,6,8,10,13,14
13.27,0,2,4,6,8,10,13,14
13.275,0,2,4,6,8,10,13,14
13.28,0,2,4,6,8,10,13,14
13.285,0,2,4,6,8,10,13,14
13.29,0,2,4,6,8,10,13,14
13.295,0,2,4,6,8,10,13,14
13.3,0,2,4,6,8,10,13,14
13.305,0,2,4,6,8,10,13,14
13.31,0,2,4,6,8,10,13,14
13.315,0,2,4,6,8,10,13,14
13.32,0,2,4,6,8,10,13,14
13.325,0,2,4,6,8,10,13,14
13.33,0,2,4,6,8,10,13,14
13.335,0,2,4,6,8,10,13,14
13.34,0,2,4,6,8,10,13,14
13.345,0,2,4,6,8,10,13,14
13.35,0,2,4,6,8,10,13,14
13.355,0,2,4,6,8,10,13,14
13.36,0,2,4,6,8,10,13,14
13.365,0,2,4,6,8,10,13,14
13.37,0,2,4,6,8,10,13,14
13.375,0,2,4,6,8,10,13,14
13.38,0,2,4,6,8,10,13,14
13.385,0,2,4,6,8,10,13,14
13.39,0,2,4,6,8,10,13,14
13.395,0,2,4,6,8,10,13,14
13.4,0,2,4,6,8,10,13,14
13.405,0,2,4,6,8,10,13,14
13.41,0,2,4,6,8,10,13,14
13.415,0,2,4,6,8,10,13,14
13.42,0,2,4,6,8,10,13,14
13.425,0,2,4,6,8,10,13,14
13.43,0,2,4,6,8,10,13,14
13.435,0,2,4,6,8,10,13,14
13.44,0,2,4,6,8,10,13,14
13.445,0,2,4,6,8,10,13,14
13.45,0,2,4,6,8,10,13,14
13.455,0,2,4,6,8,10,13,14
13.46,0,2,4,6,8,10,13,14
13.465,0,2,4,6,8,10,13,14
13.47,0,2,4,6,8,10,13,14
13.475,0,2,4,6,8,10,13,14
13.48,0,2,4,6,8,10,13,14
13.485,0,2,4,6,8,10,13,14
13.49,0,2,4,6,8,10,13,14
13.495,0,2,4,6,8,10,13,14
13.5,0,2,4,6,8,10,13,14
13.505,0,2,4,6,8,10,13,14
13.51,0,2,4,6,8,10,13,14
13.515,0,2,4,6,8,10,13,14
13.52,0,2,4,6,8,10,13,14
13.525,0,2,4,6,8,10,13,14
13.53,0,2,4,6,8,10,13,14
13.535,0,2,4,6,8,10,13,14
13.54,0,2,4,6,8,10,13,14
13.545,0,2,4,6,8,10,13,14
13.55,0,2,4,6,8,10,13,14
13.555,0,2,4,6,8,10,13,14
13.56,0,2,4,6,8,10,13,14
13.565,0,2,4,6,8,10,13,14
13.57,0,2,4,6,8,10,13,14
13.575,0,2,4,6,8,10,13,14
13.58,0,2,4,6,8,10,13,14
13.585,0,2,4,6,8,10,13,14
13.59,0,2,4,6,8,10,13,14
13.595,0,2,4,6,8,10,13,14
13.6,0,2,4,6,8,10,13,14
13.605,0,2,4,6,8,10,13,14
13.61,0,2,4,6,8,10,13,14
13.615,0,2,4,6,8,10,13,14
13.62,0,2,4,6,8,10,13,14
13.625,0,2,4,6,8,10,13,14
13.63,0,2,4,6,8,10,13,14
13.635,0,2,4,6,8,10,13,14
13.64,0,2,4,6,8,10,13,14
13.645,0,2,4,6,8,10,13,14
13.65,0,2,4,6,8,10,13,14
13.655,0,2,4,6,8,10,13,14
13.66,0,2,4,6,8,10,13,14
13.665,0,2,4,6,8,10,13,14
13.67,0,2,4,6,8,10,13,14
13.675,0,2,4,6,8,10,13,14
13.68,0,2,4,6,8,10,13,14
13.685,0,2,4,6,8,10,13,14
13.69,0,2,4,6,8,10,13,14
13.695,0,2,4,6,8,10,13,14
13.7,0,2,4,6,8,10,13,14
13.705,0,2,4,6,8,10,13,14
13.71,0,2,4,6,8,10,13,14
13.715,0,2,4,6,8,10,13,14
13.72,0,2,4,6,8,10,13,14
13.725,0,2,4,6,8,10,13,14
13.73,0,2,4,6,8,10,13,14
13.735,0,2,4,6,8,10,13,14
13.74,0,2,4,6,8,10,13,14
13.745,0,2,4,6,8,10,13,14
13.75,0,2,4,6,8,10,13,14
13.755,0,2,4,6,8,10,13,14
13.76,0,2,4,6,8,10,13,14
13.765,0,2,4,6,8,10,13,14
13.77,0,2,4,6,8,10,13,14
13.775,0,2,4,6,8,10,13,14
13.78,0,2,4,6,8,10,13,14
13.785,0,2,4,6,8,10,13,14
13.79,0,2,4,6,8,10,13,14
13.795,0,2,4,6,8,10,13,14
13.8,0,2,4,6,8,10,13,14
13.805,0,2,4,6,8,10,13,14
13.81,0,2,4,6,8,10,13,14
13.815,0,2,4,6,8,10,13,14
13.82,0,2,4,6,8,10,13,14
13.825,0,2,4,6,8,10,13,14
13.83,0,2,4,6,8,10,13,14
13.835,0,2,4,6,8,10,13,14
13.84,0,2,4,6,8,10,13,14
13.845,0,2,4,6,8,10,13,14
13.85,0,2,4,6,8,10,13,14
13.855,0,2,4,6,8,10,13,14
13.86,0,2,4,6,8,10,13,14
13.865,0,2,4,6,8,10,13,14
13.87,0,2,4,6,8,10,13,14
13.875,0,2,4,6,8,10,13,14
13.88,0,2,4,6,8,10,13,14
13.885,0,2,4,6,8,10,13,14
13.89,0,2,4,6,8,10,13,14
13.895,0,2,4,6,8,10,13,14
13.9,0,2,4,6,8,10,13,14
13.905,0,2,4,6,8,10,13,14
13.91,0,2,4,6,8,10,13,14
13.915,0,2,4,6,8,10,13,14
13.92,0,2,4,6,8,10,13,14
13.925,0,2,4,6,8,10,13,14
13.93,0,2,4,6,8,10,13,14
13.935,0,2,4,6,8,10,13,14
13.94,0,2,4,6,8,10,13,14
13.945,0,2,4,6,8,10,13,14
13.95,0,2,4,6,8,10,13,14
13.955,0,2,4,6,8,10,13,14
13.96,0,2,4,6,8,10,13,14
13.965,0,2,4,6,8,10,13,14
13.97,0,2,4,6,8,10,13,14
13.975,0,2,4,6,8,10,13,14
13.98,0,2,4,6,8,10,13,14
13.985,0,2,4,6,8,10,13,14
13.99,0,2,4,6,8,10,13,14
13.995,0,2,4,6,8,10,13,14
14,0,2,4,6,8,10,13,14
14.005,0,2,4,6,8,10,13,14
14.01,0,2,4,6,8,10,13,14
14.015,0,2,4,6,8,10,13,14
14.02,0,2,4,6,8,10,13,14
14.025,0,2,4,6,8,10,13,14
14.03,0,2,4,6,8,10,13,14
14.035,0,2,4,6,8,10,13,14
14.04,0,2,4,6,8,10,13,14
14.045,0,2,4,6,8,10,13,14
14.05,0,2,4,6,8,10,13,14
14.055,0,2,4,6,8,10,13,14
14.06,0,2,4,6,8,10,13,14
14.065,0,2,4,6,8,10,13,14
14.07,0,2,4,6,8,10,13,14
14.075,0,2,4,6,8,10,13,14
14.08,0,2,4,6,8,10,13,14
14.085,0,2,4,6,8,10,13,14
14.09,0,2,4,6,8,10,13,14
14.095,0,2,4,6,8,10,13,14
14.1,0,2,4,6,8,10,13,14
14.105,0,2,4,6,8,10,13,14
14.11,0,2,4,6,8,10,13,14
14.115,0,2,4,6,8,10,13,14
14.12,0,2,4,6,8,10,13,14
14.125,0,2,4,6,8,10,13,14
14.13,0,2,4,6,8,10,13,14
14.135,0,2,4,6,8,10,13,14
14.14,0,2,4,6,8,10,13,14
14.145,0,2,4,6,8,10,13,14
14.15,0,2,4,6,8,10,13,14
14.155,0,2,4,6,8,10,13,14
14.16,0,2,4,6,8,10,13,14
14.165,0,2,4,6,8,10,13,14
14.17,0,2,4,6,8,10,13,14
14.175,0,2,4,6,8,10,13,14
14.18,0,2,4,6,8,10,13,14
14.185,0,2,4,6,8,10,13,14
14.19,0,2,4,6,8,10,13,14
14.195,0,2,4,6,8,10,13,14
14.2,0,2,4,6,8,10,13,14
14.205,0,2,4,6,8,10,13,14
14.21,0,2,4,6,8,10,13,14
14.215,0,2,4,6,8,10,13,14
14.22,0,2,4,6,8,10,13,14
14.225,0,2,4,6,8,10,13,14
14.23,0,2,4,6,8,10,13,14
14.235,0,2,4,6,8,10,13,14
14.24,0,2,4,6,8,10,13,14
14.245,0,2,4,6,8,10,13,14
14.25,0,2,4,6,8,10,13,14
14.255,0,2,4,6,8,10,13,14
14.26,0,2,4,6,8,10,13,14
14.265,0,2,4,6,8,10,13,14
14.27,0,2,4,6,8,10,13,14
14.275,0,2,4,6,8,10,13,14
14.28,0,2,4,6,8,10,13,14
14.285,0,2,4,6,8,10,13,14
