time_s,src2_yaw_u
0,0
0.005,0
0.01,0
0.015,0
0.02,0
0.025,0
0.03,0
0.035,0
0.04,0
0.045,0
0.05,0
0.055,0
0.06,0
0.065,0
0.07,0
0.075,0
0.08,0
0.085,0
0.09,0
0.095,0
0.1,0
0.105,0
0.11,0
0.115,0
0.12,0
0.125,0
0.13,0
0.135,0
0.14,0
0.145,0
0.15,0
0.155,0
0.16,0
0.165,0
0.17,0
0.175,0
0.18,0
0.185,0
0.19,0
0.195,0
0.2,0
0.205,0
0.21,0
0.215,0
0.22,0
0.225,0
0.23,0
0.235,0
0.24,0
0.245,0
0.25,0
0.255,0
0.26,0
0.265,0
0.27,0
0.275,0
0.28,0
0.285,0
0.29,0
0.295,0
0.3,0
0.305,0
0.31,0
0.315,0
0.32,0
0.325,0
0.33,0
0.335,0
0.34,0
0.345,0
0.35,0
0.355,0
0.36,0
0.365,0
0.37,0
0.375,0
0.38,0
0.385,0
0.39,0
0.395,0
0.4,0
0.405,0
0.41,0
0.415,0
0.42,0
0.425,0
0.43,0
0.435,0
0.44,0
0.445,0
0.45,0
0.455,0
0.46,0
0.465,0
0.47,0
0.475,0
0.48,0
0.485,0
0.49,0
0.495,0
0.5,0
0.505,0
0.51,0
0.515,0
0.52,0
0.525,0
0.53,0
0.535,0
0.54,0
0.545,0
0.55,0
0.555,0
0.56,0
0.565,0
0.57,0
0.575,0
0.58,0
0.585,0
0.59,0
0.595,0
0.6,0
0.605,0
0.61,0
0.615,0
0.62,0
0.625,0
0.63,0
0.635,0
0.64,0
0.645,0
0.65,0
0.655,0
0.66,0
0.665,0
0.67,0
0.675,0
0.68,0
0.685,0
0.69,0
0.695,0
0.7,0
0.705,0
0.71,0
0.715,0
0.72,0
0.725,0
0.73,0
0.735,0
0.74,0
0.745,0
0.75,0
0.755,0
0.76,0
0.765,0
0.77,0
0.775,0
0.78,0
0.785,0
0.79,0
0.795,0
0.8,0
0.805,0
0.81,0
0.815,0
0.82,0
0.825,0
0.83,0
0.835,0
0.84,0
0.845,0
0.85,0
0.855,0
0.86,0
0.865,0
0.87,0
0.875,0
0.88,0
0.885,0
0.89,0
0.895,0
0.9,0
0.905,0
0.91,0
0.915,0
0.92,0
0.925,0
0.93,0
0.935,0
0.94,0
0.945,0
0.95,0
0.955,0
0.96,0
0.965,0
0.97,0
0.975,0
0.98,0
0.985,0
0.99,0
0.995,0
1,0
1.005,0
1.01,0
1.015,0
1.02,0
1.025,0
1.03,0
1.035,0
1.04,0
1.045,0
1.05,0
1.055,0
1.06,0
1.065,0
1.07,0
1.075,0
1.08,0
1.085,0
1.09,0
1.095,0
1.1,0
1.105,0
1.11,0
1.115,0
1.12,0
1.125,0
1.13,0
1.135,0
1.14,0
1.145,0
1.15,0
1.155,0
1.16,0
1.165,0
1.17,0
1.175,0
1.18,0
1.185,0
1.19,0
1.195,0
1.2,0
1.205,0
1.21,0
1.215,0
1.22,0
1.225,0
1.23,0
1.235,0
1.24,0
1.245,0
1.25,0
1.255,0
1.26,0
1.265,0
1.27,0
1.275,0
1.28,0
1.285,0
1.29,0
1.295,0
1.3,0
1.305,0
1.31,0
1.315,0
1.32,0
1.325,0
1.33,0
1.335,0
1.34,0
1.345,0
1.35,0
1.355,0
1.36,0
1.365,0
1.37,0
1.375,0
1.38,0
1.385,0
1.39,0
1.395,0
1.4,0
1.405,0
1.41,0
1.415,0
1.42,0
1.425,0
1.43,0
1.435,0
1.44,0
1.445,0
1.45,0
1.455,0
1.46,0
1.465,0
1.47,0
1.475,0
1.48,0
1.485,0
1.49,0
1.495,0
1.5,0
1.505,0
1.51,0
1.515,0
1.52,0
1.525,0
1.53,0
1.535,0
1.54,0
1.545,0
1.55,0
1.555,0
1.56,0
1.565,0
1.57,0
1.575,0
1.58,0
1.585,0
1.59,0
1.595,0
1.6,0
1.605,0
1.61,0
1.615,0
1.62,0
1.625,0
1.63,0
1.635,0
1.64,0
1.645,0
1.65,0
1.655,0
1.66,0
1.665,0
1.67,0
1.675,0
1.68,0
1.685,0
1.69,0
1.695,0
1.7,0
1.705,0
1.71,0
1.715,0
1.72,0
1.725,0
1.73,0
1.735,0
1.74,0
1.745,0
1.75,0
1.755,0
1.76,0
1.765,0
1.77,0
1.775,0
1.78,0
1.785,0
1.79,0
1.795,0
1.8,0
1.805,0
1.81,0
1.815,0
1.82,0
1.825,0
1.83,0
1.835,0
1.84,0
1.845,0
1.85,0
1.855,0
1.86,0
1.865,0
1.87,0
1.875,0
1.88,0
1.885,0
1.89,0
1.895,0
1.9,0
1.905,0
1.91,0
1.915,0
1.92,0
1.925,0
1.93,0
1.935,0
1.94,0
1.945,0
1.95,0
1.955,0
1.96,0
1.965,0
1.97,0
1.975,0
1.98,0
1.985,0
1.99,0
1.995,0
2,0
2.005,0
2.01,0
2.015,0
2.02,0
2.025,0
2.03,0
2.035,0
2.04,0
2.045,0
2.05,0
2.055,0
2.06,0
2.065,0
2.07,0
2.075,0
2.08,0
2.085,0
2.09,0
2.095,0
2.1,0
2.105,0
2.11,0
2.115,0
2.12,0
2.125,0
2.13,0
2.135,0
2.14,0
2.145,0
2.15,0
2.155,0
2.16,0
2.165,0
2.17,0
2.175,0
2.18,0
2.185,0
2.19,0
2.195,0
2.2,0
2.205,0
2.21,0
2.215,0
2.22,0
2.225,0
2.23,0
2.235,0
2.24,0
2.245,0
2.25,2.19896817
2.255,2.19896817
2.26,2.19896817
2.265,2.19896817
2.27,2.22388482
2.275,2.36230278
2.28,2.35653496
2.285,2.35653496
2.29,2.3284893
2.295,2.40596986
2.3,2.40596986
2.305,2.40596986
2.31,2.3721869
2.315,2.32909608
2.32,2.32909608
2.325,2.32909608
2.33,2.32909608
2.335,2.32909608
2.34,2.35053849
2.345,2.40665317
2.35,3.02754331
2.355,3.42302227
2.36,3.8561244
2.365,3.8561244
2.37,3.8561244
2.375,3.8561244
2.38,3.81172132
2.385,3.81172132
2.39,3.81172132
2.395,3.81172132
2.4,3.74562025
2.405,3.76748586
2.41,3.74807668
2.415,3.74807668
2.42,3.8576231
2.425,3.83265972
2.43,3.83265972
2.435,3.83265972
2.44,3.79698467
2.445,3.51689434
2.45,3.51689434
2.455,3.51689434
2.46,3.50505352
2.465,3.21632671
2.47,3.21632671
2.475,3.21632671
2.48,2.60942364
2.485,2.23137188
2.49,2.23137188
2.495,2.23137188
2.5,2.22514629
2.505,2.6933167
2.51,2.6933167
2.515,2.6933167
2.52,3.24954629
2.525,3.56340265
2.53,3.56340265
2.535,3.56340265
2.54,3.2205987
2.545,2.62455988
2.55,2.43034601
2.555,2.43034601
2.56,2.07540894
2.565,2.07540894
2.57,2.07540894
2.575,2.07540894
2.58,2.48212194
2.585,2.2674613
2.59,2.2674613
2.595,2.2674613
2.6,2.37416101
2.605,2.10093713
2.61,2.08201623
2.615,2.08201623
2.62,2.31568885
2.625,2.03717923
2.63,2.03717923
2.635,2.03717923
2.64,1.21268582
2.645,1.95178843
2.65,1.95178843
2.655,1.95178843
2.66,2.15261149
2.665,2.10835195
2.67,2.10835195
2.675,2.10835195
2.68,1.65125966
2.685,1.22047353
2.69,1.22047353
2.695,1.22047353
2.7,0.618788958
2.705,0.671126068
2.71,0.671126068
2.715,0.671126068
2.72,0.671126068
2.725,0.671126068
2.73,1.14881325
2.735,1.112988
2.74,1.112988
2.745,1.112988
2.75,0.484722614
2.755,0.0753450394
2.76,0.0753450394
2.765,0.0753450394
2.77,0.355428398
2.775,0.688079417
2.78,0.688079417
2.785,0.688079417
2.79,0.590423167
2.795,0.833877623
2.8,0.833877623
2.805,0.833877623
2.81,0.649826109
2.815,0.689664364
2.82,0.689664364
2.825,0.689664364
2.83,0.95053643
2.835,-0.128534615
2.84,-0.128534615
2.845,-0.128534615
2.85,0.51127255
2.855,0.673990905
2.86,0.673990905
2.865,0.673990905
2.87,0.940587997
2.875,0.995717406
2.88,0.995717406
2.885,0.995717406
2.89,1.0231756
2.895,0.618329406
2.9,0.618329406
2.905,0.618329406
2.91,0.638448536
2.915,0.798502088
2.92,0.798502088
2.925,0.798502088
2.93,1.19158101
2.935,1.22299957
2.94,0.917640686
2.945,0.917640686
2.95,0.841682434
2.955,0.0385818481
2.96,0.0385818481
2.965,0.0385818481
2.97,0.349194825
2.975,0.0660817325
2.98,0.0660817325
2.985,0.0660817325
2.99,0.314366281
2.995,0.146720231
3,0.146720231
3.005,0.146720231
3.01,-0.580513656
3.015,-0.267436147
3.02,-0.267436147
3.025,-0.267436147
3.03,-0.231369555
3.035,-0.30867058
3.04,-0.30867058
3.045,-0.30867058
3.05,0.306126893
3.055,0.124852479
3.06,0.124852479
3.065,0.124852479
3.07,0.444674313
3.075,-0.0567905307
3.08,-0.0567905307
3.085,-0.0567905307
3.09,0.320431381
3.095,0.760223746
3.1,0.760223746
3.105,0.760223746
3.11,0.760223746
3.115,0.760223746
3.12,0.503500223
3.125,0.404562235
3.13,0.987425983
3.135,0.694823444
3.14,0.694823444
3.145,0.694823444
3.15,0.694823444
3.155,0.694823444
3.16,1.23576427
3.165,1.40601397
3.17,1.40601397
3.175,1.40601397
3.18,1.52409899
3.185,1.76120603
3.19,1.2472595
3.195,1.2472595
3.2,0.995516896
3.205,1.14444709
3.21,1.14444709
3.215,1.14444709
3.22,1.46535563
3.225,1.66465151
3.23,1.66465151
3.235,1.66465151
3.24,2.04368401
3.245,1.64307976
3.25,1.64307976
3.255,1.64307976
3.26,1.44628859
3.265,2.01739407
3.27,2.01739407
3.275,2.01739407
3.28,2.1181066
3.285,2.23582864
3.29,2.23582864
3.295,2.23582864
3.3,1.55253649
3.305,1.61075997
3.31,1.61075997
3.315,1.61075997
3.32,0.879406214
3.325,0.245769739
3.33,0.357776999
3.335,0.357776999
3.34,0.074390769
3.345,0.074390769
3.35,0.074390769
3.355,0.074390769
3.36,0.465777069
3.365,0.656217754
3.37,0.656217754
3.375,0.656217754
3.38,2.25743532
3.385,2.68058562
3.39,2.68058562
3.395,2.68058562
3.4,2.35548186
3.405,2.35548186
3.41,2.35548186
3.415,2.35548186
3.42,2.86830139
3.425,2.86830139
3.43,2.86830139
3.435,2.86830139
3.44,2.86830139
3.445,2.86830139
3.45,2.86830139
3.455,2.86830139
3.46,2.86830139
3.465,2.86830139
3.47,2.86830139
3.475,2.86830139
3.48,2.86830139
3.485,2.86830139
3.49,2.86830139
3.495,2.86830139
3.5,2.86830139
3.505,2.86830139
3.51,2.86830139
3.515,2.86830139
3.52,2.86830139
3.525,2.86830139
3.53,2.86830139
3.535,2.86830139
3.54,2.86830139
3.545,2.86830139
3.55,2.86830139
3.555,2.86830139
3.56,2.86830139
3.565,2.86830139
3.57,2.86830139
3.575,2.86830139
3.58,2.86830139
3.585,2.86830139
3.59,2.86830139
3.595,2.86830139
3.6,2.86830139
3.605,2.86830139
3.61,2.86830139
3.615,2.86830139
3.62,2.86830139
3.625,2.86830139
3.63,2.86830139
3.635,2.86830139
3.64,2.86830139
3.645,2.86830139
3.65,2.86830139
3.655,2.86830139
3.66,2.86830139
3.665,2.86830139
3.67,2.86830139
3.675,2.86830139
3.68,2.86830139
3.685,2.86830139
3.69,2.86830139
3.695,2.86830139
3.7,2.86830139
3.705,2.86830139
3.71,2.86830139
3.715,2.86830139
3.72,2.86830139
3.725,2.86830139
3.73,2.86830139
3.735,2.86830139
3.74,2.86830139
3.745,2.86830139
3.75,2.86830139
3.755,2.86830139
3.76,2.86830139
3.765,2.86830139
3.77,2.86830139
3.775,2.86830139
3.78,2.86830139
3.785,2.86830139
3.79,2.86830139
3.795,2.86830139
3.8,2.86830139
3.805,2.86830139
3.81,2.86830139
3.815,2.86830139
3.82,2.86830139
3.825,2.86830139
3.83,2.86830139
3.835,2.86830139
3.84,2.86830139
3.845,2.86830139
3.85,2.86830139
3.855,2.86830139
3.86,2.86830139
3.865,2.86830139
3.87,2.86830139
3.875,2.86830139
3.88,2.86830139
3.885,2.86830139
3.89,2.86830139
3.895,2.86830139
3.9,2.86830139
3.905,2.86830139
3.91,2.86830139
3.915,2.86830139
3.92,2.86830139
3.925,2.86830139
3.93,2.86830139
3.935,2.86830139
3.94,2.86830139
3.945,2.86830139
3.95,2.86830139
3.955,2.86830139
3.96,2.86830139
3.965,2.86830139
3.97,2.86830139
3.975,2.86830139
3.98,2.86830139
3.985,2.86830139
3.99,2.86830139
3.995,2.86830139
4,2.86830139
4.005,2.86830139
4.01,2.86830139
4.015,2.86830139
4.02,2.86830139
4.025,2.86830139
4.03,2.86830139
4.035,2.86830139
4.04,2.86830139
4.045,2.86830139
4.05,2.86830139
4.055,2.86830139
4.06,2.86830139
4.065,2.86830139
4.07,2.86830139
4.075,2.86830139
4.08,2.86830139
4.085,2.86830139
4.09,2.86830139
4.095,2.86830139
4.1,2.86830139
4.105,2.86830139
4.11,2.86830139
4.115,2.86830139
4.12,2.86830139
4.125,2.86830139
4.13,2.86830139
4.135,2.86830139
4.14,2.86830139
4.145,2.86830139
4.15,2.86830139
4.155,2.86830139
4.16,2.86830139
4.165,2.86830139
4.17,2.86830139
4.175,2.86830139
4.18,2.86830139
4.185,2.86830139
4.19,2.86830139
4.195,2.86830139
4.2,2.86830139
4.205,2.86830139
4.21,2.86830139
4.215,2.86830139
4.22,2.86830139
4.225,2.86830139
4.23,2.86830139
4.235,2.86830139
4.24,2.86830139
4.245,2.86830139
4.25,2.86830139
4.255,2.86830139
4.26,2.86830139
4.265,2.86830139
4.27,2.86830139
4.275,2.86830139
4.28,2.86830139
4.285,2.86830139
4.29,2.86830139
4.295,2.86830139
4.3,2.86830139
4.305,2.86830139
4.31,2.86830139
4.315,2.86830139
4.32,2.86830139
4.325,2.86830139
4.33,2.86830139
4.335,2.86830139
4.34,2.86830139
4.345,2.86830139
4.35,2.86830139
4.355,2.86830139
4.36,2.86830139
4.365,2.86830139
4.37,2.86830139
4.375,2.86830139
4.38,2.86830139
4.385,2.86830139
4.39,2.86830139
4.395,2.86830139
4.4,2.86830139
4.405,2.86830139
4.41,2.86830139
4.415,2.86830139
4.42,2.86830139
4.425,2.86830139
4.43,2.86830139
4.435,2.86830139
4.44,2.86830139
4.445,2.86830139
4.45,2.86830139
4.455,2.86830139
4.46,2.86830139
4.465,2.86830139
4.47,2.86830139
4.475,2.86830139
4.48,2.86830139
4.485,2.86830139
4.49,2.86830139
4.495,2.86830139
4.5,2.86830139
4.505,2.86830139
4.51,2.86830139
4.515,2.86830139
4.52,2.86830139
4.525,2.86830139
4.53,2.86830139
4.535,2.86830139
4.54,2.86830139
4.545,2.86830139
4.55,2.86830139
4.555,2.86830139
4.56,2.86830139
4.565,2.86830139
4.57,2.86830139
4.575,2.86830139
4.58,2.86830139
4.585,2.86830139
4.59,2.86830139
4.595,2.86830139
4.6,2.86830139
4.605,2.86830139
4.61,2.86830139
4.615,2.86830139
4.62,2.86830139
4.625,2.86830139
4.63,2.86830139
4.635,2.86830139
4.64,2.86830139
4.645,2.86830139
4.65,2.86830139
4.655,2.86830139
4.66,2.86830139
4.665,2.86830139
4.67,2.86830139
4.675,2.86830139
4.68,2.86830139
4.685,2.86830139
4.69,2.86830139
4.695,2.86830139
4.7,2.86830139
4.705,2.86830139
4.71,2.86830139
4.715,2.86830139
4.72,2.86830139
4.725,2.86830139
4.73,2.86830139
4.735,2.86830139
4.74,2.86830139
4.745,2.86830139
4.75,2.86830139
4.755,2.86830139
4.76,2.86830139
4.765,2.86830139
4.77,2.86830139
4.775,2.86830139
4.78,2.86830139
4.785,2.86830139
4.79,2.86830139
4.795,2.86830139
4.8,2.86830139
4.805,2.86830139
4.81,2.86830139
4.815,2.86830139
4.82,2.86830139
4.825,2.86830139
4.83,2.86830139
4.835,2.86830139
4.84,2.86830139
4.845,2.86830139
4.85,2.86830139
4.855,2.86830139
4.86,2.86830139
4.865,2.86830139
4.87,2.86830139
4.875,2.86830139
4.88,2.86830139
4.885,2.86830139
4.89,2.86830139
4.895,2.86830139
4.9,2.86830139
4.905,2.86830139
4.91,2.86830139
4.915,2.86830139
4.92,2.86830139
4.925,2.86830139
4.93,2.86830139
4.935,2.86830139
4.94,2.86830139
4.945,2.86830139
4.95,2.86830139
4.955,2.86830139
4.96,2.86830139
4.965,2.86830139
4.97,2.86830139
4.975,2.86830139
4.98,2.86830139
4.985,2.86830139
4.99,2.86830139
4.995,2.86830139
5,2.86830139
5.005,2.86830139
5.01,2.86830139
5.015,2.86830139
5.02,2.86830139
5.025,2.86830139
5.03,2.86830139
5.035,2.86830139
5.04,2.86830139
5.045,2.86830139
5.05,2.86830139
5.055,2.86830139
5.06,2.86830139
5.065,2.86830139
5.07,2.86830139
5.075,2.86830139
5.08,2.86830139
5.085,2.86830139
5.09,2.86830139
5.095,2.86830139
5.1,2.86830139
5.105,2.86830139
5.11,2.86830139
5.115,2.86830139
5.12,2.86830139
5.125,2.86830139
5.13,2.86830139
5.135,2.86830139
5.14,2.86830139
5.145,2.86830139
5.15,2.86830139
5.155,2.86830139
5.16,2.86830139
5.165,2.86830139
5.17,2.86830139
5.175,2.86830139
5.18,2.86830139
5.185,2.86830139
5.19,2.86830139
5.195,2.86830139
5.2,2.86830139
5.205,2.86830139
5.21,2.86830139
5.215,2.86830139
5.22,2.86830139
5.225,2.86830139
5.23,2.86830139
5.235,2.86830139
5.24,2.86830139
5.245,2.86830139
5.25,2.86830139
5.255,2.86830139
5.26,2.86830139
5.265,2.86830139
5.27,2.86830139
5.275,2.86830139
5.28,2.86830139
5.285,2.86830139
5.29,2.86830139
5.295,2.86830139
5.3,2.86830139
5.305,2.86830139
5.31,2.86830139
5.315,2.86830139
5.32,2.86830139
5.325,2.86830139
5.33,2.86830139
5.335,2.86830139
5.34,2.86830139
5.345,2.86830139
5.35,2.86830139
5.355,2.86830139
5.36,2.86830139
5.365,2.86830139
5.37,2.86830139
5.375,2.86830139
5.38,2.86830139
5.385,2.86830139
5.39,2.86830139
5.395,2.86830139
5.4,2.86830139
5.405,2.86830139
5.41,2.86830139
5.415,2.86830139
5.42,2.86830139
5.425,2.86830139
5.43,2.86830139
5.435,2.86830139
5.44,2.86830139
5.445,2.86830139
5.45,2.86830139
5.455,2.86830139
5.46,2.86830139
5.465,2.86830139
5.47,2.86830139
5.475,2.86830139
5.48,2.86830139
5.485,2.86830139
5.49,2.86830139
5.495,2.86830139
5.5,2.86830139
5.505,2.86830139
5.51,2.86830139
5.515,2.86830139
5.52,2.86830139
5.525,2.86830139
5.53,2.86830139
5.535,2.86830139
5.54,2.86830139
5.545,2.86830139
5.55,2.86830139
5.555,2.86830139
5.56,2.86830139
5.565,2.86830139
5.57,2.86830139
5.575,2.86830139
5.58,2.86830139
5.585,2.86830139
5.59,2.86830139
5.595,2.86830139
5.6,2.86830139
5.605,2.86830139
5.61,2.86830139
5.615,2.86830139
5.62,2.86830139
5.625,2.86830139
5.63,2.86830139
5.635,2.86830139
5.64,2.86830139
5.645,2.86830139
5.65,2.86830139
5.655,2.86830139
5.66,2.86830139
5.665,2.86830139
5.67,2.86830139
5.675,2.86830139
5.68,2.86830139
5.685,2.86830139
5.69,2.86830139
5.695,2.86830139
5.7,2.86830139
5.705,2.86830139
5.71,2.86830139
5.715,2.86830139
5.72,2.86830139
5.725,2.86830139
5.73,2.86830139
5.735,2.86830139
5.74,2.86830139
5.745,2.86830139
5.75,2.86830139
5.755,2.86830139
5.76,2.86830139
5.765,2.86830139
5.77,2.86830139
5.775,2.86830139
5.78,2.86830139
5.785,2.86830139
5.79,2.86830139
5.795,2.86830139
5.8,2.86830139
5.805,2.86830139
5.81,2.86830139
5.815,2.86830139
5.82,2.86830139
5.825,2.86830139
5.83,2.86830139
5.835,2.86830139
5.84,2.86830139
5.845,2.86830139
5.85,2.86830139
5.855,2.86830139
5.86,2.86830139
5.865,2.86830139
5.87,2.86830139
5.875,2.86830139
5.88,2.86830139
5.885,2.86830139
5.89,2.86830139
5.895,2.86830139
5.9,2.86830139
5.905,2.86830139
5.91,2.86830139
5.915,2.86830139
5.92,2.86830139
5.925,2.86830139
5.93,2.86830139
5.935,2.86830139
5.94,2.86830139
5.945,2.86830139
5.95,2.86830139
5.955,2.86830139
5.96,2.86830139
5.965,2.86830139
5.97,2.86830139
5.975,2.86830139
5.98,2.86830139
5.985,2.86830139
5.99,2.86830139
5.995,2.86830139
6,2.86830139
6.005,2.86830139
6.01,2.86830139
6.015,2.86830139
6.02,2.86830139
6.025,2.86830139
6.03,2.86830139
6.035,2.86830139
6.04,2.86830139
6.045,2.86830139
6.05,2.86830139
6.055,2.86830139
6.06,2.86830139
6.065,2.86830139
6.07,2.86830139
6.075,2.86830139
6.08,2.86830139
6.085,2.86830139
6.09,2.86830139
6.095,2.86830139
6.1,2.86830139
6.105,2.86830139
6.11,2.86830139
6.115,2.86830139
6.12,2.86830139
6.125,2.86830139
6.13,2.86830139
6.135,2.86830139
6.14,2.86830139
6.145,2.86830139
6.15,2.86830139
6.155,2.86830139
6.16,2.86830139
6.165,2.86830139
6.17,2.86830139
6.175,2.86830139
6.18,2.86830139
6.185,2.86830139
6.19,2.86830139
6.195,2.86830139
6.2,2.86830139
6.205,2.86830139
6.21,2.86830139
6.215,2.86830139
6.22,2.86830139
6.225,2.86830139
6.23,2.86830139
6.235,2.86830139
6.24,2.86830139
6.245,2.86830139
6.25,2.86830139
6.255,2.86830139
6.26,2.86830139
6.265,2.86830139
6.27,2.86830139
6.275,2.86830139
6.28,2.86830139
6.285,2.86830139
6.29,2.86830139
6.295,2.86830139
6.3,2.86830139
6.305,2.86830139
6.31,2.86830139
6.315,2.86830139
6.32,2.86830139
6.325,2.86830139
6.33,2.86830139
6.335,2.86830139
6.34,2.86830139
6.345,2.86830139
6.35,2.86830139
6.355,2.86830139
6.36,2.86830139
6.365,2.86830139
6.37,2.86830139
6.375,2.86830139
6.38,2.86830139
6.385,2.86830139
6.39,2.86830139
6.395,2.86830139
6.4,2.86830139
6.405,2.86830139
6.41,2.86830139
6.415,2.86830139
6.42,2.86830139
6.425,2.86830139
6.43,2.86830139
6.435,2.86830139
6.44,2.86830139
6.445,2.86830139
6.45,2.86830139
6.455,2.86830139
6.46,2.86830139
6.465,2.86830139
6.47,2.86830139
6.475,2.86830139
6.48,2.86830139
6.485,2.86830139
6.49,2.86830139
6.495,2.86830139
6.5,2.86830139
6.505,2.86830139
6.51,2.86830139
6.515,2.86830139
6.52,2.86830139
6.525,2.86830139
6.53,2.86830139
6.535,2.86830139
6.54,2.86830139
6.545,2.86830139
6.55,2.86830139
6.555,2.86830139
6.56,2.86830139
6.565,2.86830139
6.57,2.86830139
6.575,2.86830139
6.58,2.86830139
6.585,2.86830139
6.59,2.86830139
6.595,2.86830139
6.6,2.86830139
6.605,2.86830139
6.61,2.86830139
6.615,2.86830139
6.62,2.86830139
6.625,2.86830139
6.63,2.86830139
6.635,2.86830139
6.64,2.86830139
6.645,2.86830139
6.65,2.86830139
6.655,2.86830139
6.66,2.86830139
6.665,2.86830139
6.67,2.86830139
6.675,2.86830139
6.68,2.86830139
6.685,2.86830139
6.69,2.86830139
6.695,2.86830139
6.7,2.86830139
6.705,2.86830139
6.71,2.86830139
6.715,2.86830139
6.72,2.86830139
6.725,2.86830139
6.73,2.86830139
6.735,2.86830139
6.74,2.86830139
6.745,2.86830139
6.75,2.86830139
6.755,2.86830139
6.76,2.86830139
6.765,2.86830139
6.77,2.86830139
6.775,2.86830139
6.78,2.86830139
6.785,2.86830139
6.79,2.86830139
6.795,2.86830139
6.8,2.86830139
6.805,2.86830139
6.81,2.86830139
6.815,2.86830139
6.82,2.86830139
6.825,2.86830139
6.83,2.86830139
6.835,2.86830139
6.84,2.86830139
6.845,2.86830139
6.85,2.86830139
6.855,2.86830139
6.86,2.86830139
6.865,2.86830139
6.87,2.86830139
6.875,2.86830139
6.88,2.86830139
6.885,2.86830139
6.89,2.86830139
6.895,2.86830139
6.9,2.86830139
6.905,2.86830139
6.91,2.86830139
6.915,2.86830139
6.92,2.86830139
6.925,2.86830139
6.93,2.86830139
6.935,2.86830139
6.94,2.86830139
6.945,2.86830139
6.95,2.86830139
6.955,2.86830139
6.96,2.86830139
6.965,2.86830139
6.97,2.86830139
6.975,2.86830139
6.98,2.86830139
6.985,2.86830139
6.99,2.86830139
6.995,2.86830139
7,2.86830139
7.005,2.86830139
7.01,2.86830139
7.015,2.86830139
7.02,2.86830139
7.025,2.86830139
7.03,2.86830139
7.035,2.86830139
7.04,2.86830139
7.045,2.86830139
7.05,2.86830139
7.055,2.86830139
7.06,2.86830139
7.065,2.86830139
7.07,2.86830139
7.075,2.86830139
7.08,2.86830139
7.085,2.86830139
7.09,2.86830139
7.095,2.86830139
7.1,2.86830139
7.105,2.86830139
7.11,2.86830139
7.115,2.86830139
7.12,2.86830139
7.125,2.86830139
7.13,2.86830139
7.135,2.86830139
7.14,2.86830139
7.145,2.86830139
7.15,2.86830139
7.155,2.86830139
7.16,2.86830139
7.165,2.86830139
7.17,2.86830139
7.175,2.86830139
7.18,2.86830139
7.185,2.86830139
7.19,2.86830139
7.195,2.86830139
7.2,2.86830139
7.205,2.86830139
7.21,2.86830139
7.215,2.86830139
7.22,2.86830139
7.225,2.86830139
7.23,2.86830139
7.235,2.86830139
7.24,2.86830139
7.245,2.86830139
7.25,2.86830139
7.255,2.86830139
7.26,2.86830139
7.265,2.86830139
7.27,2.86830139
7.275,2.86830139
7.28,2.86830139
7.285,2.86830139
7.29,2.86830139
7.295,2.86830139
7.3,2.86830139
7.305,2.86830139
7.31,2.86830139
7.315,2.86830139
7.32,2.86830139
7.325,2.86830139
7.33,2.86830139
7.335,2.86830139
7.34,2.86830139
7.345,2.86830139
7.35,2.86830139
7.355,2.86830139
7.36,2.86830139
7.365,2.86830139
7.37,2.86830139
7.375,2.86830139
7.38,2.86830139
7.385,2.86830139
7.39,2.86830139
7.395,2.86830139
7.4,2.86830139
7.405,2.86830139
7.41,2.86830139
7.415,2.86830139
7.42,2.86830139
7.425,2.86830139
7.43,2.86830139
7.435,2.86830139
7.44,2.86830139
7.445,2.86830139
7.45,2.86830139
7.455,2.86830139
7.46,2.86830139
7.465,2.86830139
7.47,2.86830139
7.475,2.86830139
7.48,2.86830139
7.485,2.86830139
7.49,2.86830139
7.495,2.86830139
7.5,2.86830139
7.505,2.86830139
7.51,2.86830139
7.515,2.86830139
7.52,2.86830139
7.525,2.86830139
7.53,2.86830139
7.535,2.86830139
7.54,2.86830139
7.545,2.86830139
7.55,2.86830139
7.555,2.86830139
7.56,2.86830139
7.565,2.86830139
7.57,2.86830139
7.575,2.86830139
7.58,2.86830139
7.585,2.86830139
7.59,2.86830139
7.595,2.86830139
7.6,2.86830139
7.605,2.86830139
7.61,2.86830139
7.615,2.86830139
7.62,2.86830139
7.625,2.86830139
7.63,2.86830139
7.635,2.86830139
7.64,2.86830139
7.645,2.86830139
7.65,2.86830139
7.655,2.86830139
7.66,2.86830139
7.665,2.86830139
7.67,2.86830139
7.675,2.86830139
7.68,2.86830139
7.685,2.86830139
7.69,2.86830139
7.695,2.86830139
7.7,2.86830139
7.705,2.86830139
7.71,2.86830139
7.715,2.86830139
7.72,2.86830139
7.725,2.86830139
7.73,2.86830139
7.735,2.86830139
7.74,2.86830139
7.745,2.86830139
7.75,2.86830139
7.755,2.86830139
7.76,2.86830139
7.765,2.86830139
7.77,2.86830139
7.775,2.86830139
7.78,2.86830139
7.785,2.86830139
7.79,2.86830139
7.795,2.86830139
7.8,2.86830139
7.805,2.86830139
7.81,2.86830139
7.815,2.86830139
7.82,2.86830139
7.825,2.86830139
7.83,2.86830139
7.835,2.86830139
7.84,2.86830139
7.845,2.86830139
7.85,2.86830139
7.855,2.86830139
7.86,2.86830139
7.865,2.86830139
7.87,2.86830139
7.875,2.86830139
7.88,2.86830139
7.885,2.86830139
7.89,2.86830139
7.895,2.86830139
7.9,2.86830139
7.905,2.86830139
7.91,2.86830139
7.915,2.86830139
7.92,2.86830139
7.925,2.86830139
7.93,2.86830139
7.935,2.86830139
7.94,2.86830139
7.945,2.86830139
7.95,2.86830139
7.955,2.86830139
7.96,2.86830139
7.965,2.86830139
7.97,2.86830139
7.975,2.86830139
7.98,2.86830139
7.985,2.86830139
7.99,2.86830139
7.995,2.86830139
8,2.86830139
8.005,2.86830139
8.01,2.86830139
8.015,2.86830139
8.02,2.86830139
8.025,2.86830139
8.03,2.86830139
8.035,2.86830139
8.04,2.86830139
8.045,2.86830139
8.05,2.86830139
8.055,2.86830139
8.06,2.86830139
8.065,2.86830139
8.07,2.86830139
8.075,2.86830139
8.08,2.86830139
8.085,2.86830139
8.09,2.86830139
8.095,2.86830139
8.1,2.86830139
8.105,2.86830139
8.11,2.86830139
8.115,2.86830139
8.12,2.86830139
8.125,2.86830139
8.13,2.86830139
8.135,2.86830139
8.14,2.86830139
8.145,2.86830139
8.15,2.86830139
8.155,2.86830139
8.16,2.86830139
8.165,2.86830139
8.17,2.86830139
8.175,2.86830139
8.18,2.86830139
8.185,2.86830139
8.19,2.86830139
8.195,2.86830139
8.2,2.86830139
8.205,2.86830139
8.21,2.86830139
8.215,2.86830139
8.22,2.86830139
8.225,2.86830139
8.23,2.86830139
8.235,2.86830139
8.24,2.86830139
8.245,2.86830139
8.25,2.86830139
8.255,2.86830139
8.26,2.86830139
8.265,2.86830139
8.27,2.86830139
8.275,2.86830139
8.28,2.86830139
8.285,2.86830139
8.29,2.86830139
8.295,2.86830139
8.3,2.86830139
8.305,2.86830139
8.31,2.86830139
8.315,2.86830139
8.32,2.86830139
8.325,2.86830139
8.33,2.86830139
8.335,2.86830139
8.34,2.86830139
8.345,2.86830139
8.35,2.86830139
8.355,2.86830139
8.36,2.86830139
8.365,2.86830139
8.37,2.86830139
8.375,2.86830139
8.38,2.86830139
8.385,2.86830139
8.39,2.86830139
8.395,2.86830139
8.4,2.86830139
8.405,2.86830139
8.41,2.86830139
8.415,2.86830139
8.42,2.86830139
8.425,2.86830139
8.43,2.86830139
8.435,2.86830139
8.44,2.86830139
8.445,2.86830139
8.45,2.86830139
8.455,2.86830139
8.46,2.86830139
8.465,2.86830139
8.47,2.86830139
8.475,2.86830139
8.48,2.86830139
8.485,2.86830139
8.49,2.86830139
8.495,2.86830139
8.5,2.86830139
8.505,2.86830139
8.51,2.86830139
8.515,2.86830139
8.52,2.86830139
8.525,2.86830139
8.53,2.86830139
8.535,2.86830139
8.54,2.86830139
8.545,2.86830139
8.55,2.86830139
8.555,2.86830139
8.56,2.86830139
8.565,2.86830139
8.57,2.86830139
8.575,2.86830139
8.58,2.86830139
8.585,2.86830139
8.59,2.86830139
8.595,2.86830139
8.6,2.86830139
8.605,2.86830139
8.61,2.86830139
8.615,2.86830139
8.62,2.86830139
8.625,2.86830139
8.63,2.86830139
8.635,2.86830139
8.64,2.86830139
8.645,2.86830139
8.65,2.86830139
8.655,2.86830139
8.66,2.86830139
8.665,2.86830139
8.67,2.86830139
8.675,2.86830139
8.68,2.86830139
8.685,2.86830139
8.69,2.86830139
8.695,2.86830139
8.7,2.86830139
8.705,2.86830139
8.71,2.86830139
8.715,2.86830139
8.72,2.86830139
8.725,2.86830139
8.73,2.86830139
8.735,2.86830139
8.74,2.86830139
8.745,2.86830139
8.75,2.86830139
8.755,2.86830139
8.76,2.86830139
8.765,2.86830139
8.77,2.86830139
8.775,2.86830139
8.78,2.86830139
8.785,2.86830139
8.79,2.86830139
8.795,2.86830139
8.8,2.86830139
8.805,2.86830139
8.81,2.86830139
8.815,2.86830139
8.82,2.86830139
8.825,2.86830139
8.83,2.86830139
8.835,2.86830139
8.84,2.86830139
8.845,2.86830139
8.85,2.86830139
8.855,2.86830139
8.86,2.86830139
8.865,2.86830139
8.87,2.86830139
8.875,2.86830139
8.88,2.86830139
8.885,2.86830139
8.89,2.86830139
8.895,2.86830139
8.9,2.86830139
8.905,2.86830139
8.91,2.86830139
8.915,2.86830139
8.92,2.86830139
8.925,2.86830139
8.93,2.86830139
8.935,2.86830139
8.94,2.86830139
8.945,2.86830139
8.95,2.86830139
8.955,2.86830139
8.96,2.86830139
8.965,2.86830139
8.97,2.86830139
8.975,2.86830139
8.98,2.86830139
8.985,2.86830139
8.99,2.86830139
8.995,2.86830139
9,2.86830139
9.005,2.86830139
9.01,2.86830139
9.015,2.86830139
9.02,2.86830139
9.025,2.86830139
9.03,2.86830139
9.035,2.86830139
9.04,2.86830139
9.045,2.86830139
9.05,2.86830139
9.055,2.86830139
9.06,2.86830139
9.065,2.86830139
9.07,2.86830139
9.075,2.86830139
9.08,2.86830139
9.085,2.86830139
9.09,2.86830139
9.095,2.86830139
9.1,2.86830139
9.105,2.86830139
9.11,2.86830139
9.115,2.86830139
9.12,2.86830139
9.125,2.86830139
9.13,2.86830139
9.135,2.86830139
9.14,2.86830139
9.145,2.86830139
9.15,2.86830139
9.155,2.86830139
9.16,2.86830139
9.165,2.86830139
9.17,2.86830139
9.175,2.86830139
9.18,2.86830139
9.185,2.86830139
9.19,2.86830139
9.195,2.86830139
9.2,2.86830139
9.205,2.86830139
9.21,2.86830139
9.215,2.86830139
9.22,2.86830139
9.225,2.86830139
9.23,2.86830139
9.235,2.86830139
9.24,2.86830139
9.245,2.86830139
9.25,2.86830139
9.255,2.86830139
9.26,2.86830139
9.265,2.86830139
9.27,2.86830139
9.275,2.86830139
9.28,2.86830139
9.285,2.86830139
9.29,2.86830139
9.295,2.86830139
9.3,2.86830139
9.305,2.86830139
9.31,2.86830139
9.315,2.86830139
9.32,2.86830139
9.325,2.86830139
9.33,2.86830139
9.335,2.86830139
9.34,2.86830139
9.345,2.86830139
9.35,2.86830139
9.355,2.86830139
9.36,2.86830139
9.365,2.86830139
9.37,2.86830139
9.375,2.86830139
9.38,2.86830139
9.385,2.86830139
9.39,2.86830139
9.395,2.86830139
9.4,2.86830139
9.405,2.86830139
9.41,2.86830139
9.415,2.86830139
9.42,2.86830139
9.425,2.86830139
9.43,2.86830139
9.435,2.86830139
9.44,2.86830139
9.445,2.86830139
9.45,2.86830139
9.455,2.86830139
9.46,2.86830139
9.465,2.86830139
9.47,2.86830139
9.475,2.86830139
9.48,2.86830139
9.485,2.86830139
9.49,2.86830139
9.495,2.86830139
9.5,2.86830139
9.505,2.86830139
9.51,2.86830139
9.515,2.86830139
9.52,2.86830139
9.525,2.86830139
9.53,2.86830139
9.535,2.86830139
9.54,2.86830139
9.545,2.86830139
9.55,2.86830139
9.555,2.86830139
9.56,2.86830139
9.565,2.86830139
9.57,2.86830139
9.575,2.86830139
9.58,2.86830139
9.585,2.86830139
9.59,2.86830139
9.595,2.86830139
9.6,2.86830139
9.605,2.86830139
9.61,2.86830139
9.615,2.86830139
9.62,2.86830139
9.625,2.86830139
9.63,2.86830139
9.635,2.86830139
9.64,2.86830139
9.645,2.86830139
9.65,2.86830139
9.655,2.86830139
9.66,2.86830139
9.665,2.86830139
9.67,2.86830139
9.675,2.86830139
9.68,2.86830139
9.685,2.86830139
9.69,2.86830139
9.695,2.86830139
9.7,2.86830139
9.705,2.86830139
9.71,2.86830139
9.715,2.86830139
9.72,2.86830139
9.725,2.86830139
9.73,2.86830139
9.735,2.86830139
9.74,2.86830139
9.745,2.86830139
9.75,2.86830139
9.755,2.86830139
9.76,2.86830139
9.765,2.86830139
9.77,2.86830139
9.775,2.86830139
9.78,2.86830139
9.785,2.86830139
9.79,2.86830139
9.795,2.86830139
9.8,2.86830139
9.805,2.86830139
9.81,2.86830139
9.815,2.86830139
9.82,2.86830139
9.825,2.86830139
9.83,2.86830139
9.835,2.86830139
9.84,2.86830139
9.845,2.86830139
9.85,2.86830139
9.855,2.86830139
9.86,2.86830139
9.865,2.86830139
9.87,2.86830139
9.875,2.86830139
9.88,2.86830139
9.885,2.86830139
9.89,2.86830139
9.895,2.86830139
9.9,2.86830139
9.905,2.86830139
9.91,2.86830139
9.915,2.86830139
9.92,2.86830139
9.925,2.86830139
9.93,2.86830139
9.935,2.86830139
9.94,2.86830139
9.945,2.86830139
9.95,2.86830139
9.955,2.86830139
9.96,2.86830139
9.965,2.86830139
9.97,2.86830139
9.975,2.86830139
9.98,2.86830139
9.985,2.86830139
9.99,2.86830139
9.995,2.86830139
10,2.86830139
10.005,2.86830139
10.01,2.86830139
10.015,2.86830139
10.02,2.86830139
10.025,2.86830139
10.03,2.86830139
10.035,2.86830139
10.04,2.86830139
10.045,2.86830139
10.05,2.86830139
10.055,2.86830139
10.06,2.86830139
10.065,2.86830139
10.07,2.86830139
10.075,2.86830139
10.08,2.86830139
10.085,2.86830139
10.09,2.86830139
10.095,2.86830139
10.1,2.86830139
10.105,2.86830139
10.11,2.86830139
10.115,2.86830139
10.12,2.86830139
10.125,2.86830139
10.13,2.86830139
10.135,2.86830139
10.14,2.86830139
10.145,2.86830139
10.15,2.86830139
10.155,2.86830139
10.16,2.86830139
10.165,2.86830139
10.17,2.86830139
10.175,2.86830139
10.18,2.86830139
10.185,2.86830139
10.19,2.86830139
10.195,2.86830139
10.2,2.86830139
10.205,2.86830139
10.21,2.86830139
10.215,2.86830139
10.22,2.86830139
10.225,2.86830139
10.23,2.86830139
10.235,2.86830139
10.24,2.86830139
10.245,2.86830139
10.25,2.86830139
10.255,2.86830139
10.26,2.86830139
10.265,2.86830139
10.27,2.86830139
10.275,2.86830139
10.28,2.86830139
10.285,2.86830139
10.29,2.86830139
10.295,2.86830139
10.3,2.86830139
10.305,2.86830139
10.31,2.86830139
10.315,2.86830139
10.32,2.86830139
10.325,2.86830139
10.33,2.86830139
10.335,2.86830139
10.34,2.86830139
10.345,2.86830139
10.35,2.86830139
10.355,2.86830139
10.36,2.86830139
10.365,2.86830139
10.37,2.86830139
10.375,2.86830139
10.38,2.86830139
10.385,2.86830139
10.39,2.86830139
10.395,2.86830139
10.4,2.86830139
10.405,2.86830139
10.41,2.86830139
10.415,2.86830139
10.42,2.86830139
10.425,2.86830139
10.43,2.86830139
10.435,2.86830139
10.44,2.86830139
10.445,2.86830139
10.45,2.86830139
10.455,2.86830139
10.46,2.86830139
10.465,2.86830139
10.47,2.86830139
10.475,2.86830139
10.48,2.86830139
10.485,2.86830139
10.49,2.86830139
10.495,2.86830139
10.5,2.86830139
10.505,2.86830139
10.51,2.86830139
10.515,2.86830139
10.52,2.86830139
10.525,2.86830139
10.53,2.86830139
10.535,2.86830139
10.54,2.86830139
10.545,2.86830139
10.55,2.86830139
10.555,2.86830139
10.56,2.86830139
10.565,2.86830139
10.57,2.86830139
10.575,2.86830139
10.58,2.86830139
10.585,2.86830139
10.59,2.86830139
10.595,2.86830139
10.6,2.86830139
10.605,2.86830139
10.61,2.86830139
10.615,2.86830139
10.62,2.86830139
10.625,2.86830139
10.63,2.86830139
10.635,2.86830139
10.64,2.86830139
10.645,2.86830139
10.65,2.86830139
10.655,2.86830139
10.66,2.86830139
10.665,2.86830139
10.67,2.86830139
10.675,2.86830139
10.68,2.86830139
10.685,2.86830139
10.69,2.86830139
10.695,2.86830139
10.7,2.86830139
10.705,2.86830139
10.71,2.86830139
10.715,2.86830139
10.72,2.86830139
10.725,2.86830139
10.73,2.86830139
10.735,2.86830139
10.74,2.86830139
10.745,2.86830139
10.75,2.86830139
10.755,2.86830139
10.76,2.86830139
10.765,2.86830139
10.77,2.86830139
10.775,2.86830139
10.78,2.86830139
10.785,2.86830139
10.79,2.86830139
10.795,2.86830139
10.8,2.86830139
10.805,2.86830139
10.81,2.86830139
10.815,2.86830139
10.82,2.86830139
10.825,2.86830139
10.83,2.86830139
10.835,2.86830139
10.84,2.86830139
10.845,2.86830139
10.85,2.86830139
10.855,2.86830139
10.86,2.86830139
10.865,2.86830139
10.87,2.86830139
10.875,2.86830139
10.88,2.86830139
10.885,2.86830139
10.89,2.86830139
10.895,2.86830139
10.9,2.86830139
10.905,2.86830139
10.91,2.86830139
10.915,2.86830139
10.92,2.86830139
10.925,2.86830139
10.93,2.86830139
10.935,2.86830139
10.94,2.86830139
10.945,2.86830139
10.95,2.86830139
10.955,2.86830139
10.96,2.86830139
10.965,2.86830139
10.97,2.86830139
10.975,2.86830139
10.98,2.86830139
10.985,2.86830139
10.99,2.86830139
10.995,2.86830139
11,2.86830139
11.005,2.86830139
11.01,2.86830139
11.015,2.86830139
11.02,2.86830139
11.025,2.86830139
11.03,2.86830139
11.035,2.86830139
11.04,2.86830139
11.045,2.86830139
11.05,2.86830139
11.055,2.86830139
11.06,2.86830139
11.065,2.86830139
11.07,2.86830139
11.075,2.86830139
11.08,2.86830139
11.085,2.86830139
11.09,2.86830139
11.095,2.86830139
11.1,2.86830139
11.105,2.86830139
11.11,2.86830139
11.115,2.86830139
11.12,2.86830139
11.125,2.86830139
11.13,2.86830139
11.135,2.86830139
11.14,2.86830139
11.145,2.86830139
11.15,2.86830139
11.155,2.86830139
11.16,2.86830139
11.165,2.86830139
11.17,2.86830139
11.175,2.86830139
11.18,2.86830139
11.185,2.86830139
11.19,2.86830139
11.195,2.86830139
11.2,2.86830139
11.205,2.86830139
11.21,2.86830139
11.215,2.86830139
11.22,2.86830139
11.225,2.86830139
11.23,2.86830139
11.235,2.86830139
11.24,2.86830139
11.245,2.86830139
11.25,2.86830139
11.255,2.86830139
11.26,2.86830139
11.265,2.86830139
11.27,2.86830139
11.275,2.86830139
11.28,2.86830139
11.285,2.86830139
11.29,2.86830139
11.295,2.86830139
11.3,2.86830139
11.305,2.86830139
11.31,2.86830139
11.315,2.86830139
11.32,2.86830139
11.325,2.86830139
11.33,2.86830139
11.335,2.86830139
11.34,2.86830139
11.345,2.86830139
11.35,2.86830139
11.355,2.86830139
11.36,2.86830139
11.365,2.86830139
11.37,2.86830139
11.375,2.86830139
11.38,2.86830139
11.385,2.86830139
11.39,2.86830139
11.395,2.86830139
11.4,2.86830139
11.405,2.86830139
11.41,2.86830139
11.415,2.86830139
11.42,2.86830139
11.425,2.86830139
11.43,2.86830139
11.435,2.86830139
11.44,2.86830139
11.445,2.86830139
11.45,2.86830139
11.455,2.86830139
11.46,2.86830139
11.465,2.86830139
11.47,2.86830139
11.475,2.86830139
11.48,2.86830139
11.485,2.86830139
11.49,2.86830139
11.495,2.86830139
11.5,2.86830139
11.505,2.86830139
11.51,2.86830139
11.515,2.86830139
11.52,2.86830139
11.525,2.86830139
11.53,2.86830139
11.535,2.86830139
11.54,2.86830139
11.545,2.86830139
11.55,2.86830139
11.555,2.86830139
11.56,2.86830139
11.565,2.86830139
11.57,2.86830139
11.575,2.86830139
11.58,2.86830139
11.585,2.86830139
11.59,2.86830139
11.595,2.86830139
11.6,2.86830139
11.605,2.86830139
11.61,2.86830139
11.615,2.86830139
11.62,2.86830139
11.625,2.86830139
11.63,2.86830139
11.635,2.86830139
11.64,2.86830139
11.645,2.86830139
11.65,2.86830139
11.655,2.86830139
11.66,2.86830139
11.665,2.86830139
11.67,2.86830139
11.675,2.86830139
11.68,2.86830139
11.685,2.86830139
11.69,2.86830139
11.695,2.86830139
11.7,2.86830139
11.705,2.86830139
11.71,2.86830139
11.715,2.86830139
11.72,2.86830139
11.725,2.86830139
11.73,2.86830139
11.735,2.86830139
11.74,2.86830139
11.745,2.86830139
11.75,2.86830139
11.755,2.86830139
11.76,2.86830139
11.765,2.86830139
11.77,2.86830139
11.775,2.86830139
11.78,2.86830139
11.785,2.86830139
11.79,2.86830139
11.795,2.86830139
11.8,2.86830139
11.805,2.86830139
11.81,2.86830139
11.815,2.86830139
11.82,2.86830139
11.825,2.86830139
11.83,2.86830139
11.835,2.86830139
11.84,2.86830139
11.845,2.86830139
11.85,2.86830139
11.855,2.86830139
11.86,2.86830139
11.865,2.86830139
11.87,2.86830139
11.875,2.86830139
11.88,2.86830139
11.885,2.86830139
11.89,2.86830139
11.895,2.86830139
11.9,2.86830139
11.905,2.86830139
11.91,2.86830139
11.915,2.86830139
11.92,2.86830139
11.925,2.86830139
11.93,2.86830139
11.935,2.86830139
11.94,2.86830139
11.945,2.86830139
11.95,2.86830139
11.955,2.86830139
11.96,2.86830139
11.965,2.86830139
11.97,2.86830139
11.975,2.86830139
11.98,2.86830139
11.985,2.86830139
11.99,2.86830139
11.995,2.86830139
12,2.86830139
12.005,2.86830139
12.01,2.86830139
12.015,2.86830139
12.02,2.86830139
12.025,2.86830139
12.03,2.86830139
12.035,2.86830139
12.04,2.86830139
12.045,2.86830139
12.05,2.86830139
12.055,2.86830139
12.06,2.86830139
12.065,2.86830139
12.07,2.86830139
12.075,2.86830139
12.08,2.86830139
12.085,2.86830139
12.09,2.86830139
12.095,2.86830139
12.1,2.86830139
12.105,2.86830139
12.11,2.86830139
12.115,2.86830139
12.12,2.86830139
12.125,2.86830139
12.13,2.86830139
12.135,2.86830139
12.14,2.86830139
12.145,2.86830139
12.15,2.86830139
12.155,2.86830139
12.16,2.86830139
12.165,2.86830139
12.17,2.86830139
12.175,2.86830139
12.18,2.86830139
12.185,2.86830139
12.19,2.86830139
12.195,2.86830139
12.2,2.86830139
12.205,2.86830139
12.21,2.86830139
12.215,2.86830139
12.22,2.86830139
12.225,2.86830139
12.23,2.86830139
12.235,2.86830139
12.24,2.86830139
12.245,2.86830139
12.25,2.86830139
12.255,2.86830139
12.26,2.86830139
12.265,2.86830139
12.27,2.86830139
12.275,2.86830139
12.28,2.86830139
12.285,2.86830139
12.29,2.86830139
12.295,2.86830139
12.3,2.86830139
12.305,2.86830139
12.31,2.86830139
12.315,2.86830139
12.32,2.86830139
12.325,2.86830139
12.33,2.86830139
12.335,2.86830139
12.34,2.86830139
12.345,2.86830139
12.35,2.86830139
12.355,2.86830139
12.36,2.86830139
12.365,2.86830139
12.37,2.86830139
12.375,2.86830139
12.38,2.86830139
12.385,2.86830139
12.39,2.86830139
12.395,2.86830139
12.4,2.86830139
12.405,2.86830139
12.41,2.86830139
12.415,2.86830139
12.42,2.86830139
12.425,2.86830139
12.43,2.86830139
12.435,2.86830139
12.44,2.86830139
12.445,2.86830139
12.45,2.86830139
12.455,2.86830139
12.46,2.86830139
12.465,2.86830139
12.47,2.86830139
12.475,2.86830139
12.48,2.86830139
12.485,2.86830139
12.49,2.86830139
12.495,2.86830139
12.5,2.86830139
12.505,2.86830139
12.51,2.86830139
12.515,2.86830139
12.52,2.86830139
12.525,2.86830139
12.53,2.86830139
12.535,2.86830139
12.54,2.86830139
12.545,2.86830139
12.55,2.86830139
12.555,2.86830139
12.56,2.86830139
12.565,2.86830139
12.57,2.86830139
12.575,2.86830139
12.58,2.86830139
12.585,2.86830139
12.59,2.86830139
12.595,2.86830139
12.6,2.86830139
12.605,2.86830139
12.61,2.86830139
12.615,2.86830139
12.62,2.86830139
12.625,2.86830139
12.63,2.86830139
12.635,2.86830139
12.64,2.86830139
12.645,2.86830139
12.65,2.86830139
12.655,2.86830139
12.66,2.86830139
12.665,2.86830139
12.67,2.86830139
12.675,2.86830139
12.68,2.86830139
12.685,2.86830139
12.69,2.86830139
12.695,2.86830139
12.7,2.86830139
12.705,2.86830139
12.71,2.86830139
12.715,2.86830139
12.72,2.86830139
12.725,2.86830139
12.73,2.86830139
12.735,2.86830139
12.74,2.86830139
12.745,2.86830139
12.75,2.86830139
12.755,2.86830139
12.76,2.86830139
12.765,2.86830139
12.77,2.86830139
12.775,2.86830139
12.78,2.86830139
12.785,2.86830139
12.79,2.86830139
12.795,2.86830139
12.8,2.86830139
12.805,2.86830139
12.81,2.86830139
12.815,2.86830139
12.82,2.86830139
12.825,2.86830139
12.83,2.86830139
12.835,2.86830139
12.84,2.86830139
12.845,2.86830139
12.85,2.86830139
12.855,2.86830139
12.86,2.86830139
12.865,2.86830139
12.87,2.86830139
12.875,2.86830139
12.88,2.86830139
12.885,2.86830139
12.89,2.86830139
12.895,2.86830139
12.9,2.86830139
12.905,2.86830139
12.91,2.86830139
12.915,2.86830139
12.92,2.86830139
12.925,2.86830139
12.93,2.86830139
12.935,2.86830139
12.94,2.86830139
12.945,2.86830139
12.95,2.86830139
12.955,2.86830139
12.96,2.86830139
12.965,2.86830139
12.97,2.86830139
12.975,2.86830139
12.98,2.86830139
12.985,2.86830139
12.99,2.86830139
12.995,2.86830139
13,2.86830139
13.005,2.86830139
13.01,2.86830139
13.015,2.86830139
13.02,2.86830139
13.025,2.86830139
13.03,2.86830139
13.035,2.86830139
13.04,2.86830139
13.045,2.86830139
13.05,2.86830139
13.055,2.86830139
13.06,2.86830139
13.065,2.86830139
13.07,2.86830139
13.075,2.86830139
13.08,2.86830139
13.085,2.86830139
13.09,2.86830139
13.095,2.86830139
13.1,2.86830139
13.105,2.86830139
13.11,2.86830139
13.115,2.86830139
13.12,2.86830139
13.125,2.86830139
13.13,2.86830139
13.135,2.86830139
13.14,2.86830139
13.145,2.86830139
13.15,2.86830139
13.155,2.86830139
13.16,2.86830139
13.165,2.86830139
13.17,2.86830139
13.175,2.86830139
13.18,2.86830139
13.185,2.86830139
13.19,2.86830139
13.195,2.86830139
13.2,2.86830139
13.205,2.86830139
13.21,2.86830139
13.215,2.86830139
13.22,2.86830139
13.225,2.86830139
13.23,2.86830139
13.235,2.86830139
13.24,2.86830139
13.245,2.86830139
13.25,2.86830139
13.255,2.86830139
13.26,2.86830139
13.265,2.86830139
13.27,2.86830139
13.275,2.86830139
13.28,2.86830139
13.285,2.86830139
13.29,2.86830139
13.295,2.86830139
13.3,2.86830139
13.305,2.86830139
13.31,2.86830139
13.315,2.86830139
13.32,2.86830139
13.325,2.86830139
13.33,2.86830139
13.335,2.86830139
13.34,2.86830139
13.345,2.86830139
13.35,2.86830139
13.355,2.86830139
13.36,2.86830139
13.365,2.86830139
13.37,2.86830139
13.375,2.86830139
13.38,2.86830139
13.385,2.86830139
13.39,2.86830139
13.395,2.86830139
13.4,2.86830139
13.405,2.86830139
13.41,2.86830139
13.415,2.86830139
13.42,2.86830139
13.425,2.86830139
13.43,2.86830139
13.435,2.86830139
13.44,2.86830139
13.445,2.86830139
13.45,2.86830139
13.455,2.86830139
13.46,2.86830139
13.465,2.86830139
13.47,2.86830139
13.475,2.86830139
13.48,2.86830139
13.485,2.86830139
13.49,2.86830139
13.495,2.86830139
13.5,2.86830139
13.505,2.86830139
13.51,2.86830139
13.515,2.86830139
13.52,2.86830139
13.525,2.86830139
13.53,2.86830139
13.535,2.86830139
13.54,2.86830139
13.545,2.86830139
13.55,2.86830139
13.555,2.86830139
13.56,2.86830139
13.565,2.86830139
13.57,2.86830139
13.575,2.86830139
13.58,2.86830139
13.585,2.86830139
13.59,2.86830139
13.595,2.86830139
13.6,2.86830139
13.605,2.86830139
13.61,2.86830139
13.615,2.86830139
13.62,2.86830139
13.625,2.86830139
13.63,2.86830139
13.635,2.86830139
13.64,2.86830139
13.645,2.86830139
13.65,2.86830139
13.655,2.86830139
13.66,2.86830139
13.665,2.86830139
13.67,2.86830139
13.675,2.86830139
13.68,2.86830139
13.685,2.86830139
13.69,2.86830139
13.695,2.86830139
13.7,2.86830139
13.705,2.86830139
13.71,2.86830139
13.715,2.86830139
13.72,2.86830139
13.725,2.86830139
13.73,2.86830139
13.735,2.86830139
13.74,2.86830139
13.745,2.86830139
13.75,2.86830139
13.755,2.86830139
13.76,2.86830139
13.765,2.86830139
13.77,2.86830139
13.775,2.86830139
13.78,2.86830139
13.785,2.86830139
13.79,2.86830139
13.795,2.86830139
13.8,2.86830139
13.805,2.86830139
13.81,2.86830139
13.815,2.86830139
13.82,2.86830139
13.825,2.86830139
13.83,2.86830139
13.835,2.86830139
13.84,2.86830139
13.845,2.86830139
13.85,2.86830139
13.855,2.86830139
13.86,2.86830139
13.865,2.86830139
13.87,2.86830139
13.875,2.86830139
13.88,2.86830139
13.885,2.86830139
13.89,2.86830139
13.895,2.86830139
13.9,2.86830139
13.905,2.86830139
13.91,2.86830139
13.915,2.86830139
13.92,2.86830139
13.925,2.86830139
13.93,2.86830139
13.935,2.86830139
13.94,2.86830139
13.945,2.86830139
13.95,2.86830139
13.955,2.86830139
13.96,2.86830139
13.965,2.86830139
13.97,2.86830139
13.975,2.86830139
13.98,2.86830139
13.985,2.86830139
13.99,2.86830139
13.995,2.86830139
14,2.86830139
14.005,2.86830139
14.01,2.86830139
14.015,2.86830139
14.02,2.86830139
14.025,2.86830139
14.03,2.86830139
14.035,2.86830139
14.04,2.86830139
14.045,2.86830139
14.05,2.86830139
14.055,2.86830139
14.06,2.86830139
14.065,2.86830139
14.07,2.86830139
14.075,2.86830139
14.08,2.86830139
14.085,2.86830139
14.09,2.86830139
14.095,2.86830139
14.1,2.86830139
14.105,2.86830139
14.11,2.86830139
14.115,2.86830139
14.12,2.86830139
14.125,2.86830139
14.13,2.86830139
14.135,2.86830139
14.14,2.86830139
14.145,2.86830139
14.15,2.86830139
14.155,2.86830139
14.16,2.86830139
14.165,2.86830139
14.17,2.86830139
14.175,2.86830139
14.18,2.86830139
14.185,2.86830139
14.19,2.86830139
14.195,2.86830139
14.2,2.86830139
14.205,2.86830139
14.21,2.86830139
14.215,2.86830139
14.22,2.86830139
14.225,2.86830139
14.23,2.86830139
14.235,2.86830139
14.24,2.86830139
14.245,2.86830139
14.25,2.86830139
14.255,2.86830139
14.26,2.86830139
14.265,2.86830139
14.27,2.86830139
14.275,2.86830139
14.28,2.86830139
14.285,2.86830139
