time_s,pred2_y
0,0
0.005,0
0.01,0
0.015,0
0.02,0
0.025,0
0.03,0
0.035,0
0.04,0
0.045,0
0.05,0
0.055,0
0.06,0
0.065,0
0.07,0
0.075,0
0.08,0
0.085,0
0.09,0
0.095,0
0.1,0
0.105,0
0.11,0
0.115,0
0.12,0
0.125,0
0.13,0
0.135,0
0.14,0
0.145,0
0.15,0
0.155,0
0.16,0
0.165,0
0.17,0
0.175,0
0.18,0
0.185,0
0.19,0
0.195,0
0.2,0
0.205,0
0.21,0
0.215,0
0.22,0
0.225,0
0.23,0
0.235,0
0.24,0
0.245,0
0.25,0
0.255,0
0.26,0
0.265,0
0.27,0
0.275,0
0.28,0
0.285,0
0.29,0
0.295,0
0.3,0
0.305,0
0.31,0
0.315,0
0.32,0
0.325,0
0.33,0
0.335,0
0.34,0
0.345,0
0.35,0
0.355,0
0.36,0
0.365,0
0.37,0
0.375,0
0.38,0
0.385,0
0.39,0
0.395,0
0.4,0
0.405,0
0.41,0
0.415,0
0.42,0
0.425,0
0.43,0
0.435,0
0.44,0
0.445,0
0.45,0
0.455,0
0.46,0
0.465,0
0.47,0
0.475,0
0.48,0
0.485,0
0.49,0
0.495,0
0.5,0
0.505,0
0.51,0
0.515,0
0.52,0
0.525,0
0.53,0
0.535,0
0.54,0
0.545,0
0.55,0
0.555,0
0.56,0
0.565,0
0.57,0
0.575,0
0.58,0
0.585,0
0.59,0
0.595,0
0.6,0
0.605,0
0.61,0
0.615,0
0.62,0
0.625,0
0.63,0
0.635,0
0.64,0
0.645,0
0.65,0
0.655,0
0.66,0
0.665,0
0.67,0
0.675,0
0.68,0
0.685,0
0.69,0
0.695,0
0.7,0
0.705,0
0.71,0
0.715,0
0.72,0
0.725,0
0.73,0
0.735,0
0.74,0
0.745,0
0.75,0
0.755,0
0.76,0
0.765,0
0.77,0
0.775,0
0.78,0
0.785,0
0.79,0
0.795,0
0.8,0
0.805,0
0.81,0
0.815,0
0.82,0
0.825,0
0.83,0
0.835,0
0.84,0
0.845,0
0.85,0
0.855,0
0.86,0
0.865,0
0.87,0
0.875,0
0.88,0
0.885,0
0.89,0
0.895,0
0.9,0
0.905,0
0.91,0
0.915,0
0.92,0
0.925,0
0.93,0
0.935,0
0.94,0
0.945,0
0.95,0
0.955,0
0.96,0
0.965,0
0.97,0
0.975,0
0.98,0
0.985,0
0.99,0
0.995,0
1,0
1.005,0
1.01,0
1.015,0
1.02,0
1.025,0
1.03,0
1.035,0
1.04,0
1.045,0
1.05,0
1.055,0
1.06,0
1.065,0
1.07,0
1.075,0
1.08,0
1.085,0
1.09,0
1.095,0
1.1,0
1.105,0
1.11,0
1.115,0
1.12,0
1.125,0
1.13,0
1.135,0
1.14,0
1.145,0
1.15,0
1.155,0
1.16,0
1.165,0
1.17,0
1.175,0
1.18,0
1.185,0
1.19,0
1.195,0
1.2,0
1.205,0
1.21,0
1.215,0
1.22,0
1.225,0
1.23,0
1.235,0
1.24,0
1.245,0
1.25,0
1.255,0
1.26,0
1.265,0
1.27,0
1.275,0
1.28,0
1.285,0
1.29,0
1.295,0
1.3,0
1.305,0
1.31,0
1.315,0
1.32,0
1.325,0
1.33,0
1.335,0
1.34,0
1.345,0
1.35,0
1.355,0
1.36,0
1.365,0
1.37,0
1.375,0
1.38,0
1.385,0
1.39,0
1.395,0
1.4,0
1.405,0
1.41,0
1.415,0
1.42,0
1.425,0
1.43,0
1.435,0
1.44,0
1.445,0
1.45,0
1.455,0
1.46,0
1.465,0
1.47,0
1.475,0
1.48,0
1.485,0
1.49,0
1.495,0
1.5,0
1.505,0
1.51,0
1.515,0
1.52,0
1.525,0
1.53,0
1.535,0
1.54,0
1.545,0
1.55,0
1.555,0
1.56,0
1.565,0
1.57,0
1.575,0
1.58,0
1.585,0
1.59,0
1.595,0
1.6,0
1.605,0
1.61,0
1.615,0
1.62,0
1.625,0
1.63,0
1.635,0
1.64,0
1.645,0
1.65,0
1.655,0
1.66,0
1.665,0
1.67,0
1.675,0
1.68,0
1.685,0
1.69,0
1.695,0
1.7,0
1.705,0
1.71,0
1.715,0
1.72,0
1.725,0
1.73,0
1.735,0
1.74,0
1.745,0
1.75,0
1.755,0
1.76,0
1.765,0
1.77,0
1.775,0
1.78,0
1.785,0
1.79,0
1.795,0
1.8,0
1.805,0
1.81,0
1.815,0
1.82,0
1.825,0
1.83,0
1.835,0
1.84,0
1.845,0
1.85,0
1.855,0
1.86,0
1.865,0
1.87,0
1.875,0
1.88,0
1.885,0
1.89,0
1.895,0
1.9,0
1.905,0
1.91,0
1.915,0
1.92,0
1.925,0
1.93,0
1.935,0
1.94,0
1.945,0
1.95,0
1.955,0
1.96,0
1.965,0
1.97,0
1.975,0
1.98,0
1.985,0
1.99,0
1.995,0
2,0
2.005,0
2.01,0
2.015,0
2.02,0
2.025,0
2.03,0
2.035,0
2.04,0
2.045,0
2.05,0
2.055,0
2.06,0
2.065,0
2.07,0
2.075,0
2.08,0
2.085,0
2.09,0
2.095,0
2.1,0
2.105,0
2.11,0
2.115,0
2.12,0
2.125,0
2.13,0
2.135,0
2.14,0
2.145,0
2.15,0
2.155,0
2.16,0
2.165,0
2.17,0
2.175,0
2.18,0
2.185,0
2.19,0
2.195,0
2.2,0
2.205,0
2.21,0
2.215,0
2.22,0
2.225,0
2.23,0
2.235,0
2.24,0
2.245,0
2.25,-0.298777968
2.255,-0.298777968
2.26,-0.298777968
2.265,-0.298777968
2.27,-0.298912674
2.275,-0.298784673
2.28,-0.298882782
2.285,-0.298980892
2.29,-0.298985422
2.295,-0.298687667
2.3,-0.298389912
2.305,-0.298092157
2.31,-0.298842996
2.315,-0.298854828
2.32,-0.298866659
2.325,-0.298878491
2.33,-0.298890322
2.335,-0.298902154
2.34,-0.2988756
2.345,-0.298773557
2.35,-0.298562974
2.355,-0.299139708
2.36,-0.299522191
2.365,-0.299904674
2.37,-0.300287157
2.375,-0.30066964
2.38,-0.299775779
2.385,-0.299839169
2.39,-0.299902558
2.395,-0.299965978
2.4,-0.30002299
2.405,-0.299854875
2.41,-0.299935699
2.415,-0.300016522
2.42,-0.299528122
2.425,-0.299579561
2.43,-0.299631
2.435,-0.299682438
2.44,-0.299581438
2.445,-0.299246877
2.45,-0.298912317
2.455,-0.298577756
2.46,-0.299127549
2.465,-0.300547749
2.47,-0.301967949
2.475,-0.303388149
2.48,-0.299453944
2.485,-0.298633605
2.49,-0.297813267
2.495,-0.296992928
2.5,-0.298759192
2.505,-0.298497975
2.51,-0.298236758
2.515,-0.29797554
2.52,-0.29875055
2.525,-0.298879623
2.53,-0.299008697
2.535,-0.299137771
2.54,-0.299160957
2.545,-0.301402211
2.55,-0.300019652
2.555,-0.298637092
2.56,-0.299124956
2.565,-0.298677623
2.57,-0.298230261
2.575,-0.297782928
2.58,-0.299695432
2.585,-0.299300045
2.59,-0.298904657
2.595,-0.29850927
2.6,-0.298832297
2.605,-0.299310297
2.61,-0.299449027
2.615,-0.299587756
2.62,-0.299026489
2.625,-0.298097432
2.63,-0.297168374
2.635,-0.296239316
2.64,-0.296924144
2.645,-0.298674762
2.65,-0.30042538
2.655,-0.302175999
2.66,-0.298875004
2.665,-0.298677504
2.67,-0.298480004
2.675,-0.298282504
2.68,-0.299159974
2.685,-0.299190611
2.69,-0.299221247
2.695,-0.299251884
2.7,-0.298714697
2.705,-0.298138976
2.71,-0.297563255
2.715,-0.296987534
2.72,-0.296411812
2.725,-0.295836091
2.73,-0.298278481
2.735,-0.298042536
2.74,-0.297806591
2.745,-0.297570646
2.75,-0.299042374
2.755,-0.298695803
2.76,-0.298349231
2.765,-0.29800266
2.77,-0.298425943
2.775,-0.298088163
2.78,-0.297750384
2.785,-0.297412604
2.79,-0.299108088
2.795,-0.300201476
2.8,-0.301294863
2.805,-0.302388251
2.81,-0.298434108
2.815,-0.298744172
2.82,-0.299054235
2.825,-0.299364299
2.83,-0.299467683
2.835,-0.30155772
2.84,-0.303647757
2.845,-0.305737793
2.85,-0.301694125
2.855,-0.302046597
2.86,-0.302399069
2.865,-0.302751541
2.87,-0.299771786
2.875,-0.300994962
2.88,-0.302218139
2.885,-0.303441316
2.89,-0.299451232
2.895,-0.299715072
2.9,-0.299978912
2.905,-0.300242752
2.91,-0.300506145
2.915,-0.300686747
2.92,-0.300867349
2.925,-0.301047951
2.93,-0.303203404
2.935,-0.301245093
2.94,-0.302021027
2.945,-0.30279696
2.95,-0.301914275
2.955,-0.302079529
2.96,-0.302244782
2.965,-0.302410036
2.97,-0.30089277
2.975,-0.298208773
2.98,-0.295524776
2.985,-0.292840779
2.99,-0.297344714
2.995,-0.297903508
3,-0.298462301
3.005,-0.299021095
3.01,-0.297016472
3.015,-0.297946095
3.02,-0.298875719
3.025,-0.299805343
3.03,-0.298612803
3.035,-0.298792601
3.04,-0.298972398
3.045,-0.299152195
3.05,-0.299542367
3.055,-0.299937725
3.06,-0.300333083
3.065,-0.30072844
3.07,-0.300377071
3.075,-0.298827142
3.08,-0.297277212
3.085,-0.295727283
3.09,-0.299846709
3.095,-0.300232112
3.1,-0.300617516
3.105,-0.30100292
3.11,-0.301388323
3.115,-0.301773727
3.12,-0.297642142
3.125,-0.297144264
3.13,-0.297874749
3.135,-0.298954159
3.14,-0.300033569
3.145,-0.30111298
3.15,-0.30219239
3.155,-0.3032718
3.16,-0.299237877
3.165,-0.299250573
3.17,-0.299263269
3.175,-0.299275964
3.18,-0.300042033
3.185,-0.300321043
3.19,-0.301303893
3.195,-0.302286744
3.2,-0.302029431
3.205,-0.302025825
3.21,-0.302022219
3.215,-0.302018613
3.22,-0.302142292
3.225,-0.301692784
3.23,-0.301243275
3.235,-0.300793767
3.24,-0.300631672
3.245,-0.30168286
3.25,-0.302734047
3.255,-0.303785235
3.26,-0.300556511
3.265,-0.300812691
3.27,-0.301068872
3.275,-0.301325053
3.28,-0.297940731
3.285,-0.297665149
3.29,-0.297389567
3.295,-0.297113985
3.3,-0.294751614
3.305,-0.297361284
3.31,-0.299970955
3.315,-0.302580625
3.32,-0.296947151
3.325,-0.296768159
3.33,-0.296842098
3.335,-0.296916038
3.34,-0.297278166
3.345,-0.2974962
3.35,-0.297714233
3.355,-0.297932267
3.36,-0.29534784
3.365,-0.2935718
3.37,-0.29179576
3.375,-0.290019721
3.38,-0.292641342
3.385,-0.292964637
3.39,-0.293287933
3.395,-0.293611228
3.4,-0.294336498
3.405,-0.294793785
3.41,-0.295251071
3.415,-0.295708358
3.42,-0.291648775
3.425,-0.290976852
3.43,-0.290304929
3.435,-0.289632976
3.44,-0.288961053
3.445,-0.28828913
3.45,-0.287617207
3.455,-0.286945254
3.46,-0.28627333
3.465,-0.285601407
3.47,-0.284929454
3.475,-0.284257531
3.48,-0.283585608
3.485,-0.282913685
3.49,-0.282241732
3.495,-0.281569809
3.5,-0.280897886
3.505,-0.280225962
3.51,-0.279554009
3.515,-0.278882086
3.52,-0.278210163
3.525,-0.27753824
3.53,-0.276866317
3.535,-0.276194364
3.54,-0.275522441
3.545,-0.274850518
3.55,-0.274178594
3.555,-0.273506641
3.56,-0.272834718
3.565,-0.272162795
3.57,-0.271490842
3.575,-0.270818919
3.58,-0.270146996
3.585,-0.269475073
3.59,-0.26880312
3.595,-0.268131196
3.6,-0.267459273
3.605,-0.26678735
3.61,-0.266115427
3.615,-0.265443474
3.62,-0.264771551
3.625,-0.264099628
3.63,-0.263427705
3.635,-0.262755752
3.64,-0.262083828
3.645,-0.261411905
3.65,-0.260739952
3.655,-0.260068029
3.66,-0.259396106
3.665,-0.258724183
3.67,-0.25805223
3.675,-0.257380307
3.68,-0.256708384
3.685,-0.25603646
3.69,-0.255364507
3.695,-0.254692584
3.7,-0.254020661
3.705,-0.253348738
3.71,-0.252676815
3.715,-0.252004862
3.72,-0.251332939
3.725,-0.250661016
3.73,-0.249989077
3.735,-0.249317154
3.74,-0.248645216
3.745,-0.247973293
3.75,-0.247301355
3.755,-0.246629417
3.76,-0.245957494
3.765,-0.245285571
3.77,-0.244613633
3.775,-0.243941709
3.78,-0.243269771
3.785,-0.242597833
3.79,-0.24192591
3.795,-0.241253972
3.8,-0.240582049
3.805,-0.239910126
3.81,-0.239238188
3.815,-0.23856625
3.82,-0.237894326
3.825,-0.237222388
3.83,-0.236550465
3.835,-0.235878542
3.84,-0.235206604
3.845,-0.234534666
3.85,-0.233862743
3.855,-0.233190805
3.86,-0.232518882
3.865,-0.231846958
3.87,-0.23117502
3.875,-0.230503082
3.88,-0.229831159
3.885,-0.229159221
3.89,-0.228487298
3.895,-0.227815375
3.9,-0.227143437
3.905,-0.226471499
3.91,-0.225799575
3.915,-0.225127637
3.92,-0.224455714
3.925,-0.223783791
3.93,-0.223111853
3.935,-0.22243993
3.94,-0.221767992
3.945,-0.221096069
3.95,-0.220424131
3.955,-0.219752192
3.96,-0.219080269
3.965,-0.218408331
3.97,-0.217736408
3.975,-0.21706447
3.98,-0.216392547
3.985,-0.215720624
3.99,-0.215048686
3.995,-0.214376763
4,-0.213704824
4.005,-0.213032901
4.01,-0.212360963
4.015,-0.211823419
4.02,-0.211017102
4.025,-0.210345164
4.03,-0.209673241
4.035,-0.209001303
4.04,-0.20832938
4.045,-0.207657456
4.05,-0.206985518
4.055,-0.206447974
4.06,-0.205641657
4.065,-0.204969734
4.07,-0.204297796
4.075,-0.203625873
4.08,-0.202953935
4.085,-0.202281997
4.09,-0.201610073
4.095,-0.201072529
4.1,-0.200266212
4.105,-0.199594274
4.11,-0.198922351
4.115,-0.198250428
4.12,-0.19757849
4.125,-0.196906567
4.13,-0.196234629
4.135,-0.195562705
4.14,-0.194890767
4.145,-0.194218829
4.15,-0.193546906
4.155,-0.192874968
4.16,-0.192203045
4.165,-0.191531107
4.17,-0.190859184
4.175,-0.190187261
4.18,-0.189515322
4.185,-0.188843399
4.19,-0.188171461
4.195,-0.187499538
4.2,-0.1868276
4.205,-0.186155662
4.21,-0.185483739
4.215,-0.184811801
4.22,-0.184139878
4.225,-0.183467939
4.23,-0.182796016
4.235,-0.182124093
4.24,-0.181452155
4.245,-0.180780232
4.25,-0.180108294
4.255,-0.179436371
4.26,-0.178764433
4.265,-0.178092495
4.27,-0.177420571
4.275,-0.176748633
4.28,-0.17607671
4.285,-0.175404772
4.29,-0.174732849
4.295,-0.174060911
4.3,-0.173388988
4.305,-0.172717065
4.31,-0.172045127
4.315,-0.171373203
4.32,-0.170701265
4.325,-0.170029342
4.33,-0.169357404
4.335,-0.168685466
4.34,-0.168013543
4.345,-0.167341605
4.35,-0.166669682
4.355,-0.165997744
4.36,-0.16532582
4.365,-0.164653897
4.37,-0.163981959
4.375,-0.163310036
4.38,-0.162638098
4.385,-0.161966175
4.39,-0.161294237
4.395,-0.160622299
4.4,-0.159950376
4.405,-0.159278437
4.41,-0.158606514
4.415,-0.157934576
4.42,-0.157262653
4.425,-0.15659073
4.43,-0.155918792
4.435,-0.155246869
4.44,-0.154574931
4.445,-0.153903008
4.45,-0.153231069
4.455,-0.152559146
4.46,-0.151887208
4.465,-0.151215285
4.47,-0.150543347
4.475,-0.149871424
4.48,-0.149199501
4.485,-0.148527548
4.49,-0.147855625
4.495,-0.147183686
4.5,-0.146511763
4.505,-0.145839825
4.51,-0.145167902
4.515,-0.144495964
4.52,-0.143824041
4.525,-0.143152103
4.53,-0.14248018
4.535,-0.141808242
4.54,-0.141136318
4.545,-0.140464395
4.55,-0.139792457
4.555,-0.139120534
4.56,-0.138448596
4.565,-0.137776673
4.57,-0.137104735
4.575,-0.136432812
4.58,-0.135760874
4.585,-0.13508895
4.59,-0.134417012
4.595,-0.133745089
4.6,-0.133073151
4.605,-0.132401228
4.61,-0.131729275
4.615,-0.131057352
4.62,-0.130385429
4.625,-0.129713491
4.63,-0.129041567
4.635,-0.128369629
4.64,-0.127697706
4.645,-0.127025768
4.65,-0.126353845
4.655,-0.125681907
4.66,-0.125009984
4.665,-0.124338053
4.67,-0.123666123
4.675,-0.122994192
4.68,-0.122322261
4.685,-0.121650331
4.69,-0.1209784
4.695,-0.12030647
4.7,-0.119634546
4.705,-0.118962616
4.71,-0.118290685
4.715,-0.117618755
4.72,-0.116946824
4.725,-0.116274893
4.73,-0.115602963
4.735,-0.114931017
4.74,-0.114259087
4.745,-0.113587156
4.75,-0.112915225
4.755,-0.112243295
4.76,-0.111571364
4.765,-0.110899433
4.77,-0.11022751
4.775,-0.10955558
4.78,-0.108883649
4.785,-0.108211718
4.79,-0.107539788
4.795,-0.106867857
4.8,-0.106195927
4.805,-0.105523996
4.81,-0.104852065
4.815,-0.104180135
4.82,-0.103508204
4.825,-0.102836281
4.83,-0.10216435
4.835,-0.10149242
4.84,-0.100820489
4.845,-0.100148559
4.85,-0.099476628
4.855,-0.0988046974
4.86,-0.0981327519
4.865,-0.0974608213
4.87,-0.0967888907
4.875,-0.09611696
4.88,-0.0954450294
4.885,-0.0947730988
4.89,-0.0941011682
4.895,-0.0934292451
4.9,-0.0927573144
4.905,-0.0920853838
4.91,-0.0914134532
4.915,-0.0907415226
4.92,-0.090069592
4.925,-0.0893976614
4.93,-0.0887257308
4.935,-0.0880538002
4.94,-0.0873818696
4.945,-0.0867099389
4.95,-0.0860380158
4.955,-0.0853660852
4.96,-0.0846941546
4.965,-0.0840222239
4.97,-0.0833502933
4.975,-0.0826783627
4.98,-0.0820064321
4.985,-0.0813344866
4.99,-0.080662556
4.995,-0.0799906254
5,-0.0793186948
5.005,-0.0786467642
5.01,-0.0779748335
5.015,-0.0773029029
5.02,-0.0766309798
5.025,-0.0759590492
5.03,-0.0752871186
5.035,-0.0746151879
5.04,-0.0739432573
5.045,-0.0732713267
5.05,-0.0725993961
5.055,-0.0719274655
5.06,-0.0712555349
5.065,-0.0705836043
5.07,-0.0699116737
5.075,-0.0692397505
5.08,-0.0685678199
5.085,-0.0678958893
5.09,-0.0672239587
5.095,-0.0665520281
5.1,-0.0658800974
5.105,-0.0652081668
5.11,-0.0645362213
5.115,-0.0638642907
5.12,-0.0631923601
5.125,-0.0625204295
5.13,-0.0618485026
5.135,-0.061176572
5.14,-0.0605046414
5.145,-0.0598327108
5.15,-0.0591607802
5.155,-0.0584888496
5.16,-0.0578169227
5.165,-0.0571449921
5.17,-0.0564730614
5.175,-0.0558011308
5.18,-0.0551292002
5.185,-0.0544572733
5.19,-0.0537853427
5.195,-0.0531134121
5.2,-0.0524414815
5.205,-0.0517695509
5.21,-0.0510976203
5.215,-0.0504256934
5.22,-0.0497537628
5.225,-0.0490818322
5.23,-0.0484099016
5.235,-0.047737956
5.24,-0.0470660254
5.245,-0.0463940948
5.25,-0.0457221642
5.255,-0.0450502373
5.26,-0.0443783067
5.265,-0.0437063761
5.27,-0.0430344455
5.275,-0.0423625149
5.28,-0.0416905843
5.285,-0.0410186574
5.29,-0.0403467268
5.295,-0.0396747962
5.3,-0.0390028656
5.305,-0.0383309349
5.31,-0.0376590081
5.315,-0.0369870774
5.32,-0.0363151468
5.325,-0.0356432162
5.33,-0.0349712856
5.335,-0.034299355
5.34,-0.0336274281
5.345,-0.0329554975
5.35,-0.0322835669
5.355,-0.0316116363
5.36,-0.0309396908
5.365,-0.0302677602
5.37,-0.0295958314
5.375,-0.0289239008
5.38,-0.0282519702
5.385,-0.0275800414
5.39,-0.0269081108
5.395,-0.0262361802
5.4,-0.0255642515
5.405,-0.0248923209
5.41,-0.0242203902
5.415,-0.0235484615
5.42,-0.0228765309
5.425,-0.0222045854
5.43,-0.0215326715
5.435,-0.0208607242
5.44,-0.0201888103
5.445,-0.0195168648
5.45,-0.0188449509
5.455,-0.0181730054
5.46,-0.0175010916
5.465,-0.0168291442
5.47,-0.0161572304
5.475,-0.0154852849
5.48,-0.014813371
5.485,-0.0141414255
5.49,-0.0134695116
5.495,-0.0127975652
5.5,-0.0121256514
5.505,-0.0114537049
5.51,-0.0107817911
5.515,-0.0101098455
5.52,-0.0094379317
5.525,-0.00876598526
5.53,-0.00809407141
5.535,-0.00742212543
5.54,-0.00675021159
5.545,-0.00607826561
5.55,-0.00540631963
5.555,-0.00473440578
5.56,-0.0040624598
5.565,-0.00339054572
5.57,-0.00271859975
5.575,-0.0020466859
5.58,-0.0013747398
5.585,-0.000702825841
5.59,-3.08798553e-05
5.595,0.000641034101
5.6,0.00131298008
5.605,0.00198489404
5.61,0.00265684002
5.615,0.00332875387
5.62,0.00400070008
5.625,0.00467261393
5.63,0.0053445599
5.635,0.00601647375
5.64,0.00668841973
5.645,0.00736033358
5.65,0.00803228002
5.655,0.00870419387
5.66,0.00937613938
5.665,0.0100480532
5.67,0.0107199997
5.675,0.0113919461
5.68,0.01206386
5.685,0.0127358055
5.69,0.0134077193
5.695,0.0140796658
5.7,0.0147515796
5.705,0.0154235251
5.71,0.016095439
5.715,0.0167673863
5.72,0.0174393002
5.725,0.0181112457
5.73,0.0187831596
5.735,0.0194551051
5.74,0.0201270189
5.745,0.0207989644
5.75,0.0214708783
5.755,0.0221428256
5.76,0.0228147395
5.765,0.023486685
5.77,0.0241585989
5.775,0.0248305444
5.78,0.0255024582
5.785,0.0261744056
5.79,0.0268463194
5.795,0.0275182649
5.8,0.0281902105
5.805,0.0288621243
5.81,0.0295340717
5.815,0.0302059855
5.82,0.030877931
5.825,0.0315498449
5.83,0.0322217904
5.835,0.0328937061
5.84,0.0335656516
5.845,0.0342375636
5.85,0.0349095091
5.855,0.0355814248
5.86,0.0362533703
5.865,0.0369252861
5.87,0.0375972316
5.875,0.0382691436
5.88,0.0389410891
5.885,0.0396130048
5.89,0.0402849503
5.895,0.040956866
5.9,0.0416288115
5.905,0.0423007235
5.91,0.042972669
5.915,0.0436445847
5.92,0.0443165302
5.925,0.0449884757
5.93,0.0456603914
5.935,0.046332337
5.94,0.0470042489
5.945,0.0476761945
5.95,0.0483481102
5.955,0.0490200557
5.96,0.0496919714
5.965,0.0503639169
5.97,0.0510358289
5.975,0.0517077744
5.98,0.0523796901
5.985,0.0530516356
5.99,0.0537235513
5.995,0.0543954968
6,0.0550674088
6.005,0.0557393543
6.01,0.0564112701
6.015,0.0570832156
6.02,0.0577551313
6.025,0.0584270768
6.03,0.0590989888
6.035,0.0597709343
6.04,0.06044285
6.045,0.0611147955
6.05,0.061786741
6.055,0.0624586567
6.06,0.0631306022
6.065,0.063802518
6.07,0.0644744635
6.075,0.0651463717
6.08,0.0658183247
6.085,0.0664902329
6.09,0.0671621785
6.095,0.0678340942
6.1,0.0685060397
6.105,0.0691779554
6.11,0.0698499009
6.115,0.0705218166
6.12,0.0711937621
6.125,0.0718656778
6.13,0.0725376233
6.135,0.0732095316
6.14,0.0738814846
6.145,0.0745533928
6.15,0.0752253383
6.155,0.075897254
6.16,0.0765691996
6.165,0.0772411153
6.17,0.0779130608
6.175,0.0785850063
6.18,0.079256922
6.185,0.0799288675
6.19,0.0806007832
6.195,0.0812727287
6.2,0.081944637
6.205,0.08261659
6.21,0.0832884982
6.215,0.0839604437
6.22,0.0846323594
6.225,0.085304305
6.23,0.0859762207
6.235,0.0866481662
6.24,0.0873200819
6.245,0.0879920274
6.25,0.0886639431
6.255,0.0893358886
6.26,0.0900077969
6.265,0.0906797498
6.27,0.0913516581
6.275,0.0920236036
6.28,0.0926955193
6.285,0.0933674648
6.29,0.0940393806
6.295,0.0947113261
6.3,0.0953832716
6.305,0.0960551873
6.31,0.0967271328
6.315,0.0973990485
6.32,0.098070994
6.325,0.0987429023
6.33,0.0994148552
6.335,0.100086764
6.34,0.100758709
6.345,0.101430625
6.35,0.10210257
6.355,0.102774486
6.36,0.103446431
6.365,0.104118347
6.37,0.104790293
6.375,0.105462208
6.38,0.106134154
6.385,0.106806062
6.39,0.107478015
6.395,0.108149923
6.4,0.108821869
6.405,0.109493785
6.41,0.11016573
6.415,0.110837646
6.42,0.111509591
6.425,0.112181537
6.43,0.112853453
6.435,0.113525398
6.44,0.114197314
6.445,0.114869259
6.45,0.115541168
6.455,0.116213121
6.46,0.116885029
6.465,0.117556974
6.47,0.11822889
6.475,0.118900836
6.48,0.119572751
6.485,0.120244697
6.49,0.120916612
6.495,0.121588558
6.5,0.122260474
6.505,0.122932419
6.51,0.123604327
6.515,0.12427628
6.52,0.124948189
6.525,0.125620142
6.53,0.12629205
6.535,0.126964003
6.54,0.127635911
6.545,0.128307849
6.55,0.128979802
6.555,0.12965171
6.56,0.130323663
6.565,0.130995572
6.57,0.131667525
6.575,0.132339433
6.58,0.133011386
6.585,0.133683294
6.59,0.134355247
6.595,0.135027155
6.6,0.135699108
6.605,0.136371017
6.61,0.137042969
6.615,0.137714878
6.62,0.138386816
6.625,0.139058739
6.63,0.139730677
6.635,0.1404026
6.64,0.141074538
6.645,0.141746461
6.65,0.142418399
6.655,0.143090323
6.66,0.143762261
6.665,0.144434169
6.67,0.145106122
6.675,0.145778075
6.68,0.146449983
6.685,0.147121921
6.69,0.147793844
6.695,0.148465782
6.7,0.149137706
6.705,0.149809644
6.71,0.150481567
6.715,0.151153505
6.72,0.151825428
6.725,0.152497366
6.73,0.153169274
6.735,0.153841227
6.74,0.154513136
6.745,0.155185089
6.75,0.155856997
6.755,0.15652895
6.76,0.157200858
6.765,0.157872811
6.77,0.158544719
6.775,0.159216672
6.78,0.15988858
6.785,0.160560533
6.79,0.161232442
6.795,0.161904395
6.8,0.162576333
6.805,0.163248241
6.81,0.163920194
6.815,0.164592102
6.82,0.165264055
6.825,0.165935963
6.83,0.166607916
6.835,0.167279825
6.84,0.167951778
6.845,0.168623686
6.85,0.169295639
6.855,0.169967547
6.86,0.1706395
6.865,0.171311408
6.87,0.171983346
6.875,0.17265527
6.88,0.173327208
6.885,0.173999131
6.89,0.174671069
6.895,0.175342992
6.9,0.17601493
6.905,0.176686853
6.91,0.177358791
6.915,0.178030699
6.92,0.178702652
6.925,0.179374605
6.93,0.180046514
6.935,0.180718452
6.94,0.181390375
6.945,0.182062313
6.95,0.182734236
6.955,0.183406174
6.96,0.184078097
6.965,0.184750035
6.97,0.185421959
6.975,0.186093897
6.98,0.186765805
6.985,0.187437758
6.99,0.188109666
6.995,0.188781619
7,0.189453527
7.005,0.19012548
7.01,0.190797389
7.015,0.191469342
7.02,0.19214125
7.025,0.192813203
7.03,0.193485111
7.035,0.194157064
7.04,0.194828972
7.045,0.19550091
7.05,0.196172863
7.055,0.196844772
7.06,0.197516724
7.065,0.198188633
7.07,0.198860586
7.075,0.199532494
7.08,0.200204447
7.085,0.200876355
7.09,0.201548308
7.095,0.202220216
7.1,0.202892169
7.105,0.203564078
7.11,0.204236031
7.115,0.204907939
7.12,0.205579877
7.125,0.2062518
7.13,0.206923738
7.135,0.207595661
7.14,0.208267599
7.145,0.208939523
7.15,0.209611461
7.155,0.210283384
7.16,0.210955322
7.165,0.21162723
7.17,0.212299183
7.175,0.212971136
7.18,0.213643044
7.185,0.214314982
7.19,0.214986905
7.195,0.215658844
7.2,0.216330767
7.205,0.217002705
7.21,0.217674628
7.215,0.218346566
7.22,0.219018489
7.225,0.219690427
7.23,0.220362335
7.235,0.221034288
7.24,0.221706197
7.245,0.22237815
7.25,0.223050058
7.255,0.223722011
7.26,0.224393919
7.265,0.225065872
7.27,0.22573778
7.275,0.226409733
7.28,0.227081642
7.285,0.227753595
7.29,0.228425503
7.295,0.229097456
7.3,0.229769394
7.305,0.230441302
7.31,0.231113255
7.315,0.231785163
7.32,0.232457116
7.325,0.233129025
7.33,0.233800977
7.335,0.234472886
7.34,0.235144839
7.345,0.235816747
7.35,0.2364887
7.355,0.237160608
7.36,0.237832561
7.365,0.238504469
7.37,0.239176407
7.375,0.239848331
7.38,0.240520269
7.385,0.241192192
7.39,0.24186413
7.395,0.242536053
7.4,0.243207991
7.405,0.243879914
7.41,0.244551852
7.415,0.245223761
7.42,0.245895714
7.425,0.246567667
7.43,0.247239605
7.435,0.247911483
7.44,0.248583436
7.445,0.249255374
7.45,0.249927327
7.455,0.250599205
7.46,0.251271158
7.465,0.251943111
7.47,0.252615035
7.475,0.253286928
7.48,0.253958881
7.485,0.254630834
7.49,0.255302757
7.495,0.25597465
7.5,0.256646603
7.505,0.257318527
7.51,0.257990479
7.515,0.258662373
7.52,0.259334326
7.525,0.260006249
7.53,0.260678202
7.535,0.261350095
7.54,0.262022018
7.545,0.262693971
7.55,0.263365924
7.555,0.264037877
7.56,0.264709741
7.565,0.265381694
7.57,0.266053647
7.575,0.2667256
7.58,0.267397463
7.585,0.268069416
7.59,0.268741369
7.595,0.269413322
7.6,0.270085186
7.605,0.270757139
7.61,0.271429092
7.615,0.272101045
7.62,0.272772908
7.625,0.273444861
7.63,0.274116814
7.635,0.274788737
7.64,0.275460631
7.645,0.276132584
7.65,0.276804537
7.655,0.27747646
7.66,0.278148353
7.665,0.278820306
7.67,0.279492259
7.675,0.280164182
7.68,0.280836135
7.685,0.281508029
7.69,0.282179952
7.695,0.282851905
7.7,0.283523858
7.705,0.284195751
7.71,0.284867674
7.715,0.285539627
7.72,0.28621158
7.725,0.286883444
7.73,0.287555397
7.735,0.28822735
7.74,0.288899302
7.745,0.289571166
7.75,0.290243119
7.755,0.290915072
7.76,0.291587025
7.765,0.292258888
7.77,0.292930841
7.775,0.293602794
7.78,0.294274747
7.785,0.294946611
7.79,0.295618564
7.795,0.296290517
7.8,0.29696247
7.805,0.297634393
7.81,0.298306286
7.815,0.298978239
7.82,0.299650162
7.825,0.300322115
7.83,0.300994009
7.835,0.301665962
7.84,0.302337885
7.845,0.303009838
7.85,0.303681731
7.855,0.304353654
7.86,0.305025607
7.865,0.30569756
7.87,0.306369454
7.875,0.307041377
7.88,0.30771333
7.885,0.308385283
7.89,0.309057176
7.895,0.309729099
7.9,0.310401052
7.905,0.311073005
7.91,0.311744869
7.915,0.312416822
7.92,0.313088775
7.925,0.313760728
7.93,0.314432681
7.935,0.315104544
7.94,0.315776497
7.945,0.31644845
7.95,0.317120373
7.955,0.317792267
7.96,0.31846422
7.965,0.319136173
7.97,0.319808096
7.975,0.320479989
7.98,0.321151942
7.985,0.321823895
7.99,0.322495818
7.995,0.323167711
8,0.323839664
8.005,0.324511588
8.01,0.325183541
8.015,0.325855434
8.02,0.326527387
8.025,0.32719931
8.03,0.327736884
8.035,0.328543156
8.04,0.32921508
8.045,0.329887033
8.05,0.330558985
8.055,0.331230938
8.06,0.331902802
8.065,0.332440376
8.07,0.333246708
8.075,0.333784223
8.08,0.334590524
8.085,0.335262477
8.09,0.33593443
8.095,0.336606383
8.1,0.337278247
8.105,0.3379502
8.11,0.338487774
8.115,0.339294106
8.12,0.339965969
8.125,0.340637922
8.13,0.341309875
8.135,0.341981798
8.14,0.342653692
8.145,0.343325645
8.15,0.343997598
8.155,0.344535142
8.16,0.345341414
8.165,0.346013367
8.17,0.34668529
8.175,0.347357243
8.18,0.348029196
8.185,0.34870109
8.19,0.349238634
8.195,0.350044966
8.2,0.350716919
8.205,0.351388812
8.21,0.352060735
8.215,0.352732688
8.22,0.353404641
8.225,0.354076505
8.23,0.354748458
8.235,0.355420411
8.24,0.356092364
8.245,0.356764227
8.25,0.35743618
8.255,0.358108133
8.26,0.358780086
8.265,0.35945195
8.27,0.360123903
8.275,0.360795856
8.28,0.361467808
8.285,0.362139672
8.29,0.362811625
8.295,0.363483578
8.3,0.364155531
8.305,0.364827454
8.31,0.365499347
8.315,0.3661713
8.32,0.366843224
8.325,0.367515177
8.33,0.36818707
8.335,0.368859023
8.34,0.369530946
8.345,0.370202899
8.35,0.370874792
8.355,0.371546715
8.36,0.372218668
8.365,0.372890621
8.37,0.373562515
8.375,0.374234438
8.38,0.374906391
8.385,0.375578344
8.39,0.376250237
8.395,0.37692216
8.4,0.377594113
8.405,0.378266066
8.41,0.37893793
8.415,0.379609883
8.42,0.380281836
8.425,0.380953789
8.43,0.381625742
8.435,0.382297605
8.44,0.382969558
8.445,0.383641511
8.45,0.384313434
8.455,0.384985328
8.46,0.385657281
8.465,0.386329234
8.47,0.387001157
8.475,0.38767305
8.48,0.388345003
8.485,0.389016956
8.49,0.389688879
8.495,0.390360773
8.5,0.391032726
8.505,0.391704649
8.51,0.392376602
8.515,0.393048495
8.52,0.393720448
8.525,0.394392371
8.53,0.395064324
8.535,0.395736217
8.54,0.396408141
8.545,0.397080094
8.55,0.397752047
8.555,0.398424
8.56,0.399095863
8.565,0.399767816
8.57,0.400439769
8.575,0.401111722
8.58,0.401783586
8.585,0.402455539
8.59,0.403127491
8.595,0.403799444
8.6,0.404471308
8.605,0.405143261
8.61,0.405815214
8.615,0.406487167
8.62,0.40715903
8.625,0.407830983
8.63,0.408502936
8.635,0.40917486
8.64,0.409846753
8.645,0.410518706
8.65,0.411190659
8.655,0.411862582
8.66,0.412534475
8.665,0.413206428
8.67,0.413878381
8.675,0.414550304
8.68,0.415222257
8.685,0.415894151
8.69,0.416566074
8.695,0.417238027
8.7,0.41790998
8.705,0.418581873
8.71,0.419253796
8.715,0.419925749
8.72,0.420597702
8.725,0.421269566
8.73,0.421941519
8.735,0.422613472
8.74,0.423285425
8.745,0.423957288
8.75,0.424629241
8.755,0.425301194
8.76,0.425973147
8.765,0.426645011
8.77,0.427316964
8.775,0.427988917
8.78,0.42866087
8.785,0.429332733
8.79,0.430004686
8.795,0.430676639
8.8,0.431348592
8.805,0.432020515
8.81,0.432692409
8.815,0.433364362
8.82,0.434036285
8.825,0.434708238
8.83,0.435380131
8.835,0.436052084
8.84,0.436724007
8.845,0.43739596
8.85,0.438067853
8.855,0.438739777
8.86,0.43941173
8.865,0.440083683
8.87,0.440755576
8.875,0.441427499
8.88,0.442099452
8.885,0.442771405
8.89,0.443443298
8.895,0.444115222
8.9,0.444787174
8.905,0.445459127
8.91,0.446130991
8.915,0.446802944
8.92,0.447474897
8.925,0.44814685
8.93,0.448818803
8.935,0.449490666
8.94,0.450162619
8.945,0.450834572
8.95,0.451506495
8.955,0.452178389
8.96,0.452850342
8.965,0.453522295
8.97,0.454194218
8.975,0.454866111
8.98,0.455538064
8.985,0.456210017
8.99,0.45688194
8.995,0.457553834
9,0.458225787
9.005,0.45889771
9.01,0.459569663
9.015,0.460241556
9.02,0.460913509
9.025,0.461585432
9.03,0.462257385
9.035,0.462929279
9.04,0.463601202
9.045,0.464273155
9.05,0.464945108
9.055,0.465617061
9.06,0.466288924
9.065,0.466960877
9.07,0.46763283
9.075,0.468304783
9.08,0.468976647
9.085,0.4696486
9.09,0.470320553
9.095,0.470992506
9.1,0.471664369
9.105,0.472336322
9.11,0.473008275
9.115,0.473680228
9.12,0.474352092
9.125,0.475024045
9.13,0.475695997
9.135,0.476367921
9.14,0.477039814
9.145,0.477711767
9.15,0.47838372
9.155,0.479055643
9.16,0.479727536
9.165,0.480399489
9.17,0.481071413
9.175,0.481743366
9.18,0.482415318
9.185,0.483087212
9.19,0.483759135
9.195,0.484431088
9.2,0.485103041
9.205,0.485774934
9.21,0.486446857
9.215,0.48711881
9.22,0.487790763
9.225,0.488462627
9.23,0.48913458
9.235,0.489806533
9.24,0.490478486
9.245,0.491150349
9.25,0.491822302
9.255,0.492494255
9.26,0.493166208
9.265,0.493838072
9.27,0.494510025
9.275,0.495181978
9.28,0.495853931
9.285,0.496525794
9.29,0.497197747
9.295,0.4978697
9.3,0.498541653
9.305,0.499213576
9.31,0.49988547
9.315,0.500557423
9.32,0.501229346
9.325,0.501901329
9.33,0.502573192
9.335,0.503245115
9.34,0.503917098
9.345,0.504589021
9.35,0.505260885
9.355,0.505932868
9.36,0.506604791
9.365,0.507276773
9.37,0.507948637
9.375,0.50862056
9.38,0.509292543
9.385,0.509964466
9.39,0.51063633
9.395,0.511308312
9.4,0.511980236
9.405,0.512652159
9.41,0.513324082
9.415,0.513996005
9.42,0.514667988
9.425,0.515339911
9.43,0.516011834
9.435,0.516683757
9.44,0.51735568
9.445,0.518027604
9.45,0.518699586
9.455,0.51937145
9.46,0.520043373
9.465,0.520715356
9.47,0.521387279
9.475,0.522059143
9.48,0.522731125
9.485,0.523403049
9.49,0.524075031
9.495,0.524746895
9.5,0.525418818
9.505,0.526090801
9.51,0.526762724
9.515,0.527434587
9.52,0.52810657
9.525,0.528778493
9.53,0.529450476
9.535,0.53012234
9.54,0.530794263
9.545,0.531466246
9.55,0.532138169
9.555,0.532810092
9.56,0.533482015
9.565,0.534153938
9.57,0.534825861
9.575,0.535497844
9.58,0.536169708
9.585,0.536841691
9.59,0.537513614
9.595,0.538185537
9.6,0.53885746
9.605,0.539529383
9.61,0.540201306
9.615,0.540873289
9.62,0.541545153
9.625,0.542217076
9.63,0.542889059
9.635,0.543560982
9.64,0.544232905
9.645,0.544904828
9.65,0.545576751
9.655,0.546248734
9.66,0.546920598
9.665,0.547592521
9.67,0.548264503
9.675,0.548936427
9.68,0.549608409
9.685,0.550280273
9.69,0.550952196
9.695,0.551624179
9.7,0.552296102
9.705,0.552967966
9.71,0.553639948
9.715,0.554311872
9.72,0.554983795
9.725,0.555655718
9.73,0.556327641
9.735,0.556999624
9.74,0.557671547
9.745,0.55834341
9.75,0.559015393
9.755,0.559687316
9.76,0.56035924
9.765,0.561031163
9.77,0.561703086
9.775,0.562375009
9.78,0.563046992
9.785,0.563718855
9.79,0.564390779
9.795,0.565062761
9.8,0.565734684
9.805,0.566406667
9.81,0.567078531
9.815,0.567750454
9.82,0.568422437
9.825,0.56909436
9.83,0.569766223
9.835,0.570438206
9.84,0.571110129
9.845,0.571782112
9.85,0.572453976
9.855,0.573125899
9.86,0.573797882
9.865,0.574469805
9.87,0.575141668
9.875,0.575813651
9.88,0.576485574
9.885,0.577157497
9.89,0.577829421
9.895,0.578501344
9.9,0.579173326
9.905,0.57984525
9.91,0.580517113
9.915,0.581189096
9.92,0.581861019
9.925,0.582532942
9.93,0.583204925
9.935,0.583876789
9.94,0.584548712
9.945,0.585220695
9.95,0.585892618
9.955,0.586564541
9.96,0.587236464
9.965,0.587908387
9.97,0.58858037
9.975,0.589252234
9.98,0.589924157
9.985,0.590596139
9.99,0.591268063
9.995,0.591939926
10,0.592611909
10.005,0.593283832
10.01,0.593955815
10.015,0.594627678
10.02,0.595299602
10.025,0.595971584
10.03,0.596643507
10.035,0.597315371
10.04,0.597987354
10.045,0.598659277
10.05,0.59933126
10.055,0.600003183
10.06,0.600675046
10.065,0.601347029
10.07,0.602018952
10.075,0.602690876
10.08,0.603362799
10.085,0.604034722
10.09,0.604706645
10.095,0.605378628
10.1,0.606050491
10.105,0.606722414
10.11,0.607394397
10.115,0.60806632
10.12,0.608738244
10.125,0.609410167
10.13,0.61008209
10.135,0.610754073
10.14,0.611425936
10.145,0.612097859
10.15,0.612769842
10.155,0.613441765
10.16,0.614113629
10.165,0.614785612
10.17,0.615457535
10.175,0.616129518
10.18,0.616801441
10.185,0.617473304
10.19,0.618145287
10.195,0.61881721
10.2,0.619489133
10.205,0.620161057
10.21,0.62083298
10.215,0.621504962
10.22,0.622176886
10.225,0.622848749
10.23,0.623520732
10.235,0.624192655
10.24,0.624864578
10.245,0.625536501
10.25,0.626208425
10.255,0.626880348
10.26,0.62755233
10.265,0.628224194
10.27,0.628896177
10.275,0.6295681
10.28,0.630240023
10.285,0.630911946
10.29,0.631583869
10.295,0.632255793
10.3,0.632927775
10.305,0.633599699
10.31,0.634271562
10.315,0.634943545
10.32,0.635615468
10.325,0.636287451
10.33,0.636959314
10.335,0.637631238
10.34,0.63830322
10.345,0.638975143
10.35,0.639647007
10.355,0.64031899
10.36,0.640990913
10.365,0.641662896
10.37,0.642334759
10.375,0.643006682
10.38,0.643678665
10.385,0.644350588
10.39,0.645022452
10.395,0.645694435
10.4,0.646366358
10.405,0.647038281
10.41,0.647710204
10.415,0.648382127
10.42,0.64905405
10.425,0.649726033
10.43,0.650397956
10.435,0.65106988
10.44,0.651741803
10.445,0.652413726
10.45,0.653085709
10.455,0.653757572
10.46,0.654429495
10.465,0.655101478
10.47,0.655773401
10.475,0.656445265
10.48,0.657117248
10.485,0.657789171
10.49,0.658461154
10.495,0.659133017
10.5,0.65980494
10.505,0.660476923
10.51,0.661148846
10.515,0.66182071
10.52,0.662492692
10.525,0.663164616
10.53,0.663836598
10.535,0.664508462
10.54,0.665180385
10.545,0.665852368
10.55,0.666524291
10.555,0.667196214
10.56,0.667868137
10.565,0.668540061
10.57,0.669211984
10.575,0.669883966
10.58,0.67055583
10.585,0.671227813
10.59,0.671899736
10.595,0.672571659
10.6,0.673243582
10.605,0.673915505
10.61,0.674587429
10.615,0.675259411
10.62,0.675931275
10.625,0.676603198
10.63,0.677275181
10.635,0.677947104
10.64,0.678619027
10.645,0.67929095
10.65,0.679962873
10.655,0.680634856
10.66,0.68130672
10.665,0.681978643
10.67,0.682650626
10.675,0.683322549
10.68,0.683994532
10.685,0.684666395
10.69,0.685338318
10.695,0.686010301
10.7,0.686682224
10.705,0.687354088
10.71,0.688026071
10.715,0.688697994
10.72,0.689369917
10.725,0.69004184
10.73,0.690713763
10.735,0.691385746
10.74,0.692057669
10.745,0.692729533
10.75,0.693401515
10.755,0.694073439
10.76,0.694745362
10.765,0.695417285
10.77,0.696089208
10.775,0.696761131
10.78,0.697433114
10.785,0.698104978
10.79,0.698776901
10.795,0.699448884
10.8,0.700120807
10.805,0.700792789
10.81,0.701464653
10.815,0.702136576
10.82,0.702808559
10.825,0.703480482
10.83,0.704152346
10.835,0.704824328
10.84,0.705496252
10.845,0.706168234
10.85,0.706840098
10.855,0.707512021
10.86,0.708184004
10.865,0.708855927
10.87,0.709527791
10.875,0.710199773
10.88,0.710871696
10.885,0.71154362
10.89,0.712215543
10.895,0.712887466
10.9,0.713559449
10.905,0.714231372
10.91,0.714903235
10.915,0.715575218
10.92,0.716247141
10.925,0.716919065
10.93,0.717591047
10.935,0.718262911
10.94,0.718934834
10.945,0.719606817
10.95,0.72027874
10.955,0.720950663
10.96,0.721622586
10.965,0.722294509
10.97,0.722966492
10.975,0.723638356
10.98,0.724310279
10.985,0.724982262
10.99,0.725654185
10.995,0.726326048
11,0.726998031
11.005,0.727669954
11.01,0.728341937
11.015,0.729013801
11.02,0.729685724
11.025,0.730357707
11.03,0.73102963
11.035,0.731701493
11.04,0.732373476
11.045,0.733045399
11.05,0.733717382
11.055,0.734389305
11.06,0.735061169
11.065,0.735733151
11.07,0.736405075
11.075,0.737076998
11.08,0.737748921
11.085,0.738420844
11.09,0.739092767
11.095,0.73976475
11.1,0.740436614
11.105,0.741108537
11.11,0.741780519
11.115,0.742452443
11.12,0.743124366
11.125,0.743796289
11.13,0.744468212
11.135,0.745140195
11.14,0.745812058
11.145,0.746483982
11.15,0.747155964
11.155,0.747827888
11.16,0.748499751
11.165,0.749171734
11.17,0.749843657
11.175,0.75051564
11.18,0.751187563
11.185,0.751859426
11.19,0.752531409
11.195,0.753203332
11.2,0.753875256
11.205,0.754547179
11.21,0.755219102
11.215,0.755891085
11.22,0.756563008
11.225,0.757234871
11.23,0.757906854
11.235,0.758578777
11.24,0.7592507
11.245,0.759922624
11.25,0.760594547
11.255,0.76126647
11.26,0.761938453
11.265,0.762610316
11.27,0.763282299
11.275,0.763954222
11.28,0.764626145
11.285,0.765298069
11.29,0.765969992
11.295,0.766641915
11.3,0.767313898
11.305,0.767985821
11.31,0.768657684
11.315,0.769329667
11.32,0.77000159
11.325,0.770673573
11.33,0.771345437
11.335,0.77201736
11.34,0.772689342
11.345,0.773361266
11.35,0.774033129
11.355,0.774705112
11.36,0.775377035
11.365,0.776049018
11.37,0.776720881
11.375,0.777392805
11.38,0.778064787
11.385,0.778736711
11.39,0.779408574
11.395,0.780080557
11.4,0.78075248
11.405,0.781424403
11.41,0.782096326
11.415,0.78276825
11.42,0.783440232
11.425,0.784112155
11.43,0.784784079
11.435,0.785456061
11.44,0.786127985
11.445,0.786799788
11.45,0.787471771
11.455,0.788143694
11.46,0.788815618
11.465,0.7894876
11.47,0.790159523
11.475,0.790831506
11.48,0.791503429
11.485,0.792175233
11.49,0.792847216
11.495,0.793519139
11.5,0.794191062
11.505,0.794863045
11.51,0.795534968
11.515,0.796206892
11.52,0.796878874
11.525,0.797550678
11.53,0.798222601
11.535,0.798894584
11.54,0.799566507
11.545,0.80023849
11.55,0.800910413
11.555,0.801582336
11.56,0.802254319
11.565,0.802926242
11.57,0.803598046
11.575,0.804270029
11.58,0.804941952
11.585,0.805613935
11.59,0.806285858
11.595,0.806957781
11.6,0.807629764
11.605,0.808301687
11.61,0.808973491
11.615,0.809645474
11.62,0.810317397
11.625,0.81098932
11.63,0.811661303
11.635,0.812333226
11.64,0.813005209
11.645,0.813677132
11.65,0.814348936
11.655,0.815020919
11.66,0.815692842
11.665,0.816364765
11.67,0.817036748
11.675,0.817708671
11.68,0.818380654
11.685,0.819052577
11.69,0.8197245
11.695,0.820396364
11.7,0.821068287
11.705,0.82174021
11.71,0.822412193
11.715,0.823084116
11.72,0.823756039
11.725,0.824428022
11.73,0.825099945
11.735,0.825771749
11.74,0.826443732
11.745,0.827115655
11.75,0.827787638
11.755,0.828459561
11.76,0.829131484
11.765,0.829803467
11.77,0.83047539
11.775,0.831147194
11.78,0.831819177
11.785,0.8324911
11.79,0.833163023
11.795,0.833835006
11.8,0.834506929
11.805,0.835178912
11.81,0.835850835
11.815,0.836522758
11.82,0.837194622
11.825,0.837866545
11.83,0.838538468
11.835,0.839210451
11.84,0.839882374
11.845,0.840554357
11.85,0.84122628
11.855,0.841898203
11.86,0.842570066
11.865,0.84324199
11.87,0.843913913
11.875,0.844585896
11.88,0.845257819
11.885,0.845929742
11.89,0.846601725
11.895,0.847273648
11.9,0.847945452
11.905,0.848617435
11.91,0.849289358
11.915,0.84996134
11.92,0.850633264
11.925,0.851305187
11.93,0.85197717
11.935,0.852649093
11.94,0.853321075
11.945,0.853992879
11.95,0.854664803
11.955,0.855336785
11.96,0.856008708
11.965,0.856680632
11.97,0.857352614
11.975,0.858024538
11.98,0.858696461
11.985,0.859368324
11.99,0.860040247
11.995,0.860712171
12,0.861384153
12.005,0.862056077
12.01,0.862728059
12.015,0.863399982
12.02,0.864071906
12.025,0.864743769
12.03,0.865415692
12.035,0.866087615
12.04,0.866759598
12.045,0.867431521
12.05,0.868103504
12.055,0.868775427
12.06,0.869447351
12.065,0.870119333
12.07,0.870791137
12.075,0.87146306
12.08,0.872135043
12.085,0.872806966
12.09,0.873478889
12.095,0.874150872
12.1,0.874822795
12.105,0.875494778
12.11,0.876166582
12.115,0.876838505
12.12,0.877510488
12.125,0.878182411
12.13,0.878854334
12.135,0.879526317
12.14,0.88019824
12.145,0.880870163
12.15,0.881542027
12.155,0.88221395
12.16,0.882885873
12.165,0.883557856
12.17,0.884229779
12.175,0.884901762
12.18,0.885573685
12.185,0.886245608
12.19,0.886917591
12.195,0.887589395
12.2,0.888261318
12.205,0.888933301
12.21,0.889605224
12.215,0.890277207
12.22,0.89094913
12.225,0.891621053
12.23,0.892293036
12.235,0.89296484
12.24,0.893636763
12.245,0.894308746
12.25,0.894980669
12.255,0.895652592
12.26,0.896324575
12.265,0.896996498
12.27,0.897668481
12.275,0.898340285
12.28,0.899012208
12.285,0.899684191
12.29,0.900356114
12.295,0.901028037
12.3,0.90170002
12.305,0.902371943
12.31,0.903043926
12.315,0.903715849
12.32,0.904387653
12.325,0.905059636
12.33,0.905731559
12.335,0.906403482
12.34,0.907075465
12.345,0.907747388
12.35,0.908419311
12.355,0.909091294
12.36,0.909763098
12.365,0.910435021
12.37,0.911107004
12.375,0.911778927
12.38,0.91245091
12.385,0.913122833
12.39,0.913794756
12.395,0.914466739
12.4,0.915138543
12.405,0.915810466
12.41,0.916482449
12.415,0.917154372
12.42,0.917826295
12.425,0.918498278
12.43,0.919170201
12.435,0.919842184
12.44,0.920514107
12.445,0.921185911
12.45,0.921857893
12.455,0.922529817
12.46,0.92320174
12.465,0.923873723
12.47,0.924545646
12.475,0.925217628
12.48,0.925889552
12.485,0.926561356
12.49,0.927233338
12.495,0.927905262
12.5,0.928577185
12.505,0.929249167
12.51,0.929921091
12.515,0.930593014
12.52,0.931264997
12.525,0.9319368
12.53,0.932608724
12.535,0.933280706
12.54,0.93395263
12.545,0.934624612
12.55,0.935296535
12.555,0.935968459
12.56,0.936640441
12.565,0.937312365
12.57,0.937984169
12.575,0.938656151
12.58,0.939328074
12.585,0.940000057
12.59,0.94067198
12.595,0.941343904
12.6,0.942015886
12.605,0.942687809
12.61,0.943359613
12.615,0.944031596
12.62,0.944703519
12.625,0.945375443
12.63,0.946047425
12.635,0.946719348
12.64,0.947391331
12.645,0.948063254
12.65,0.948735058
12.655,0.949407041
12.66,0.950078964
12.665,0.950750887
12.67,0.95142287
12.675,0.952094793
12.68,0.952766776
12.685,0.953438699
12.69,0.954110622
12.695,0.954782486
12.7,0.955454409
12.705,0.956126332
12.71,0.956798315
12.715,0.957470238
12.72,0.958142161
12.725,0.958814144
12.73,0.959486067
12.735,0.960157871
12.74,0.960829854
12.745,0.961501777
12.75,0.96217376
12.755,0.962845683
12.76,0.963517606
12.765,0.964189589
12.77,0.964861512
12.775,0.965533316
12.78,0.966205299
12.785,0.966877222
12.79,0.967549145
12.795,0.968221128
12.8,0.968893051
12.805,0.969565034
12.81,0.970236957
12.815,0.97090888
12.82,0.971580744
12.825,0.972252667
12.83,0.97292459
12.835,0.973596573
12.84,0.974268496
12.845,0.974940479
12.85,0.975612402
12.855,0.976284325
12.86,0.976956189
12.865,0.977628112
12.87,0.978300035
12.875,0.978972018
12.88,0.979643941
12.885,0.980315864
12.89,0.980987847
12.895,0.98165977
12.9,0.982331574
12.905,0.983003557
12.91,0.98367548
12.915,0.984347463
12.92,0.985019386
12.925,0.985691309
12.93,0.986363292
12.935,0.987035215
12.94,0.987707198
12.945,0.988379002
12.95,0.989050925
12.955,0.989722908
12.96,0.990394831
12.965,0.991066754
12.97,0.991738737
12.975,0.99241066
12.98,0.993082583
12.985,0.993754447
12.99,0.99442637
12.995,0.995098293
13,0.995770276
13.005,0.996442199
13.01,0.997114182
13.015,0.997786105
13.02,0.998458028
13.025,0.999129891
13.03,0.999801815
13.035,1.00047374
13.04,1.00114572
13.045,1.0018177
13.05,1.00248957
13.055,1.00316155
13.06,1.00383353
13.065,1.0045054
13.07,1.00517726
13.075,1.00584924
13.08,1.00652111
13.085,1.00719309
13.09,1.00786507
13.095,1.00853693
13.1,1.00920892
13.105,1.0098809
13.11,1.01055264
13.115,1.01122463
13.12,1.01189661
13.125,1.01256847
13.13,1.01324046
13.135,1.01391244
13.14,1.01458442
13.145,1.01525629
13.15,1.01592815
13.155,1.01660013
13.16,1.017272
13.165,1.01794398
13.17,1.01861596
13.175,1.01928782
13.18,1.01995981
13.185,1.02063179
13.19,1.02130365
13.195,1.02197552
13.2,1.0226475
13.205,1.02331936
13.21,1.02399135
13.215,1.02466333
13.22,1.02533519
13.225,1.02600718
13.23,1.02667916
13.235,1.0273509
13.24,1.02802289
13.245,1.02869487
13.25,1.02936685
13.255,1.03003871
13.26,1.0307107
13.265,1.03138268
13.27,1.03205454
13.275,1.03272641
13.28,1.03339839
13.285,1.03407025
13.29,1.03474224
13.295,1.03541422
13.3,1.03608608
13.305,1.03675807
13.31,1.03743005
13.315,1.03810191
13.32,1.03877378
13.325,1.03944576
13.33,1.04011762
13.335,1.0407896
13.34,1.04146159
13.345,1.04213357
13.35,1.04280543
13.355,1.04347742
13.36,1.04414928
13.365,1.04482114
13.37,1.04549313
13.375,1.04616511
13.38,1.04683697
13.385,1.04750896
13.39,1.04818094
13.395,1.0488528
13.4,1.04952466
13.405,1.05019665
13.41,1.05086851
13.415,1.05154049
13.42,1.05221248
13.425,1.05288434
13.43,1.05355632
13.435,1.05422831
13.44,1.05490029
13.445,1.05557203
13.45,1.05624402
13.455,1.056916
13.46,1.05758786
13.465,1.05825984
13.47,1.05893183
13.475,1.05960369
13.48,1.06027567
13.485,1.06094754
13.49,1.0616194
13.495,1.06229138
13.5,1.06296337
13.505,1.06363523
13.51,1.06430721
13.515,1.0649792
13.52,1.06565106
13.525,1.06632292
13.53,1.06699491
13.535,1.06766677
13.54,1.06833875
13.545,1.06901073
13.55,1.06968272
13.555,1.07035458
13.56,1.07102656
13.565,1.07169855
13.57,1.07237029
13.575,1.07304227
13.58,1.07371426
13.585,1.07438612
13.59,1.0750581
13.595,1.07573009
13.6,1.07640195
13.605,1.07707393
13.61,1.0777458
13.615,1.07841766
13.62,1.07908964
13.625,1.07976162
13.63,1.08043349
13.635,1.08110547
13.64,1.08177745
13.645,1.08244932
13.65,1.08312118
13.655,1.08379316
13.66,1.08446503
13.665,1.08513701
13.67,1.08580899
13.675,1.08648098
13.68,1.08715284
13.685,1.08782482
13.69,1.0884968
13.695,1.08916855
13.7,1.08984053
13.705,1.09051251
13.71,1.09118438
13.715,1.09185636
13.72,1.09252834
13.725,1.09320021
13.73,1.09387219
13.735,1.09454405
13.74,1.09521592
13.745,1.0958879
13.75,1.09655988
13.755,1.09723175
13.76,1.09790373
13.765,1.09857571
13.77,1.09924769
13.775,1.09991944
13.78,1.10059142
13.785,1.1012634
13.79,1.10193527
13.795,1.10260725
13.8,1.10327923
13.805,1.1039511
13.81,1.10462308
13.815,1.10529506
13.82,1.10596681
13.825,1.10663879
13.83,1.10731077
13.835,1.10798264
13.84,1.10865462
13.845,1.1093266
13.85,1.10999846
13.855,1.11067045
13.86,1.11134231
13.865,1.11201417
13.87,1.11268616
13.875,1.11335814
13.88,1.11403012
13.885,1.11470199
13.89,1.11537397
13.895,1.11604595
13.9,1.1167177
13.905,1.11738968
13.91,1.11806166
13.915,1.11873353
13.92,1.11940551
13.925,1.12007749
13.93,1.12074935
13.935,1.12142134
13.94,1.12209332
13.945,1.12276506
13.95,1.12343705
13.955,1.12410903
13.96,1.12478089
13.965,1.12545288
13.97,1.12612486
13.975,1.12679684
13.98,1.12746871
13.985,1.12814057
13.99,1.12881255
13.995,1.12948442
14,1.1301564
14.005,1.13082838
14.01,1.13150024
14.015,1.13217223
14.02,1.13284421
14.025,1.13351595
14.03,1.13418794
14.035,1.13485992
14.04,1.13553178
14.045,1.13620377
14.05,1.13687575
14.055,1.13754761
14.06,1.13821959
14.065,1.13889158
14.07,1.13956332
14.075,1.1402353
14.08,1.14090729
14.085,1.14157927
14.09,1.14225113
14.095,1.14292312
14.1,1.1435951
14.105,1.14426696
14.11,1.14493883
14.115,1.14561081
14.12,1.14628267
14.125,1.14695466
14.13,1.14762664
14.135,1.1482985
14.14,1.14897048
14.145,1.14964247
14.15,1.15031421
14.155,1.15098619
14.16,1.15165818
14.165,1.15233004
14.17,1.15300202
14.175,1.15367401
14.18,1.15434599
14.185,1.15501785
14.19,1.15568984
14.195,1.1563617
14.2,1.15703356
14.205,1.15770555
14.21,1.15837753
14.215,1.15904939
14.22,1.15972137
14.225,1.16039336
14.23,1.16106522
14.235,1.16173708
14.24,1.16240907
14.245,1.16308093
14.25,1.16375291
14.255,1.1644249
14.26,1.16509676
14.265,1.16576874
14.27,1.16644073
14.275,1.16711247
14.28,1.16778445
14.285,1.16845644
