time_s,src2_move_en
0,10
0.005,10
0.01,10
0.015,10
0.02,10
0.025,10
0.03,10
0.035,10
0.04,10
0.045,10
0.05,10
0.055,10
0.06,10
0.065,10
0.07,10
0.075,10
0.08,10
0.085,10
0.09,10
0.095,10
0.1,10
0.105,10
0.11,10
0.115,10
0.12,10
0.125,10
0.13,10
0.135,10
0.14,10
0.145,10
0.15,10
0.155,10
0.16,10
0.165,10
0.17,10
0.175,10
0.18,10
0.185,10
0.19,10
0.195,10
0.2,10
0.205,10
0.21,10
0.215,10
0.22,10
0.225,10
0.23,10
0.235,10
0.24,10
0.245,10
0.25,10
0.255,10
0.26,10
0.265,10
0.27,10
0.275,10
0.28,10
0.285,10
0.29,10
0.295,10
0.3,10
0.305,10
0.31,10
0.315,10
0.32,10
0.325,10
0.33,10
0.335,10
0.34,10
0.345,10
0.35,10
0.355,10
0.36,10
0.365,10
0.37,10
0.375,10
0.38,10
0.385,10
0.39,10
0.395,10
0.4,10
0.405,10
0.41,10
0.415,10
0.42,10
0.425,10
0.43,10
0.435,10
0.44,10
0.445,10
0.45,10
0.455,10
0.46,10
0.465,10
0.47,10
0.475,10
0.48,10
0.485,10
0.49,10
0.495,10
0.5,10
0.505,10
0.51,10
0.515,10
0.52,10
0.525,10
0.53,10
0.535,10
0.54,10
0.545,10
0.55,10
0.555,10
0.56,10
0.565,10
0.57,10
0.575,10
0.58,10
0.585,10
0.59,10
0.595,10
0.6,10
0.605,10
0.61,10
0.615,10
0.62,10
0.625,10
0.63,10
0.635,10
0.64,10
0.645,10
0.65,10
0.655,10
0.66,10
0.665,10
0.67,10
0.675,10
0.68,10
0.685,10
0.69,10
0.695,10
0.7,10
0.705,10
0.71,10
0.715,10
0.72,10
0.725,10
0.73,10
0.735,10
0.74,10
0.745,10
0.75,10
0.755,10
0.76,10
0.765,10
0.77,10
0.775,10
0.78,10
0.785,10
0.79,10
0.795,10
0.8,10
0.805,10
0.81,10
0.815,10
0.82,10
0.825,10
0.83,10
0.835,10
0.84,10
0.845,10
0.85,10
0.855,10
0.86,10
0.865,10
0.87,10
0.875,10
0.88,10
0.885,10
0.89,10
0.895,10
0.9,10
0.905,10
0.91,10
0.915,10
0.92,10
0.925,10
0.93,10
0.935,10
0.94,10
0.945,10
0.95,10
0.955,10
0.96,10
0.965,10
0.97,10
0.975,10
0.98,10
0.985,10
0.99,10
0.995,10
1,10
1.005,10
1.01,10
1.015,10
1.02,10
1.025,10
1.03,10
1.035,10
1.04,10
1.045,10
1.05,10
1.055,10
1.06,10
1.065,10
1.07,10
1.075,10
1.08,10
1.085,10
1.09,10
1.095,10
1.1,10
1.105,10
1.11,10
1.115,10
1.12,10
1.125,10
1.13,10
1.135,10
1.14,10
1.145,10
1.15,10
1.155,10
1.16,10
1.165,10
1.17,10
1.175,10
1.18,10
1.185,10
1.19,10
1.195,10
1.2,10
1.205,10
1.21,10
1.215,10
1.22,10
1.225,10
1.23,10
1.235,10
1.24,10
1.245,10
1.25,10
1.255,10
1.26,10
1.265,10
1.27,10
1.275,10
1.28,10
1.285,10
1.29,10
1.295,10
1.3,10
1.305,10
1.31,10
1.315,10
1.32,10
1.325,10
1.33,10
1.335,10
1.34,10
1.345,10
1.35,10
1.355,10
1.36,10
1.365,10
1.37,10
1.375,10
1.38,10
1.385,10
1.39,10
1.395,10
1.4,10
1.405,10
1.41,10
1.415,10
1.42,10
1.425,10
1.43,10
1.435,10
1.44,10
1.445,10
1.45,10
1.455,10
1.46,10
1.465,10
1.47,10
1.475,10
1.48,10
1.485,10
1.49,10
1.495,10
1.5,10
1.505,10
1.51,10
1.515,10
1.52,10
1.525,10
1.53,10
1.535,10
1.54,10
1.545,10
1.55,10
1.555,10
1.56,10
1.565,10
1.57,10
1.575,10
1.58,10
1.585,10
1.59,10
1.595,10
1.6,10
1.605,10
1.61,10
1.615,10
1.62,10
1.625,10
1.63,10
1.635,10
1.64,10
1.645,10
1.65,10
1.655,10
1.66,10
1.665,10
1.67,10
1.675,10
1.68,10
1.685,10
1.69,10
1.695,10
1.7,10
1.705,10
1.71,10
1.715,10
1.72,10
1.725,10
1.73,10
1.735,10
1.74,10
1.745,10
1.75,10
1.755,10
1.76,10
1.765,10
1.77,10
1.775,10
1.78,10
1.785,10
1.79,10
1.795,10
1.8,10
1.805,10
1.81,10
1.815,10
1.82,10
1.825,10
1.83,10
1.835,10
1.84,10
1.845,10
1.85,10
1.855,10
1.86,10
1.865,10
1.87,10
1.875,10
1.88,10
1.885,10
1.89,10
1.895,10
1.9,10
1.905,10
1.91,10
1.915,10
1.92,10
1.925,10
1.93,10
1.935,10
1.94,10
1.945,10
1.95,10
1.955,10
1.96,10
1.965,10
1.97,10
1.975,10
1.98,10
1.985,10
1.99,10
1.995,10
2,10
2.005,10
2.01,10
2.015,10
2.02,10
2.025,10
2.03,10
2.035,10
2.04,10
2.045,10
2.05,10
2.055,10
2.06,10
2.065,10
2.07,10
2.075,10
2.08,10
2.085,10
2.09,10
2.095,10
2.1,10
2.105,10
2.11,10
2.115,10
2.12,10
2.125,10
2.13,10
2.135,10
2.14,10
2.145,10
2.15,10
2.155,10
2.16,10
2.165,10
2.17,10
2.175,10
2.18,10
2.185,10
2.19,10
2.195,10
2.2,10
2.205,10
2.21,10
2.215,10
2.22,10
2.225,10
2.23,10
2.235,10
2.24,10
2.245,10
2.25,10
2.255,10
2.26,10
2.265,10
2.27,10
2.275,10
2.28,10
2.285,10
2.29,10
2.295,10
2.3,10
2.305,10
2.31,10
2.315,10
2.32,10
2.325,10
2.33,10
2.335,10
2.34,10
2.345,10
2.35,10
2.355,10
2.36,10
2.365,10
2.37,10
2.375,10
2.38,10
2.385,10
2.39,10
2.395,10
2.4,10
2.405,10
2.41,10
2.415,10
2.42,10
2.425,10
2.43,10
2.435,10
2.44,10
2.445,10
2.45,10
2.455,10
2.46,10
2.465,10
2.47,10
2.475,10
2.48,10
2.485,10
2.49,10
2.495,10
2.5,10
2.505,10
2.51,10
2.515,10
2.52,10
2.525,10
2.53,10
2.535,10
2.54,10
2.545,10
2.55,10
2.555,10
2.56,10
2.565,10
2.57,10
2.575,10
2.58,10
2.585,10
2.59,10
2.595,10
2.6,10
2.605,10
2.61,10
2.615,10
2.62,10
2.625,10
2.63,10
2.635,10
2.64,10
2.645,10
2.65,10
2.655,10
2.66,10
2.665,10
2.67,10
2.675,10
2.68,10
2.685,10
2.69,10
2.695,10
2.7,10
2.705,10
2.71,10
2.715,10
2.72,10
2.725,10
2.73,10
2.735,10
2.74,10
2.745,10
2.75,10
2.755,10
2.76,10
2.765,10
2.77,10
2.775,10
2.78,10
2.785,10
2.79,10
2.795,10
2.8,10
2.805,10
2.81,10
2.815,10
2.82,10
2.825,10
2.83,10
2.835,10
2.84,10
2.845,10
2.85,10
2.855,10
2.86,10
2.865,10
2.87,10
2.875,10
2.88,10
2.885,10
2.89,10
2.895,10
2.9,10
2.905,10
2.91,10
2.915,10
2.92,10
2.925,10
2.93,10
2.935,10
2.94,10
2.945,10
2.95,10
2.955,10
2.96,10
2.965,10
2.97,10
2.975,10
2.98,10
2.985,10
2.99,10
2.995,10
3,10
3.005,10
3.01,10
3.015,10
3.02,10
3.025,10
3.03,10
3.035,10
3.04,10
3.045,10
3.05,10
3.055,10
3.06,10
3.065,10
3.07,10
3.075,10
3.08,10
3.085,10
3.09,10
3.095,10
3.1,10
3.105,10
3.11,10
3.115,10
3.12,10
3.125,10
3.13,10
3.135,10
3.14,10
3.145,10
3.15,10
3.155,10
3.16,10
3.165,10
3.17,10
3.175,10
3.18,10
3.185,10
3.19,10
3.195,10
3.2,10
3.205,10
3.21,10
3.215,10
3.22,10
3.225,10
3.23,10
3.235,10
3.24,10
3.245,10
3.25,10
3.255,10
3.26,10
3.265,10
3.27,10
3.275,10
3.28,10
3.285,10
3.29,10
3.295,10
3.3,10
3.305,10
3.31,10
3.315,10
3.32,10
3.325,10
3.33,10
3.335,10
3.34,10
3.345,10
3.35,10
3.355,10
3.36,10
3.365,10
3.37,10
3.375,10
3.38,10
3.385,10
3.39,10
3.395,10
3.4,10
3.405,10
3.41,10
3.415,10
3.42,10
3.425,10
3.43,10
3.435,10
3.44,10
3.445,10
3.45,10
3.455,10
3.46,10
3.465,10
3.47,10
3.475,10
3.48,10
3.485,10
3.49,10
3.495,10
3.5,10
3.505,10
3.51,10
3.515,10
3.52,10
3.525,10
3.53,10
3.535,10
3.54,10
3.545,10
3.55,10
3.555,10
3.56,10
3.565,10
3.57,10
3.575,10
3.58,10
3.585,10
3.59,10
3.595,10
3.6,10
3.605,10
3.61,10
3.615,10
3.62,10
3.625,10
3.63,10
3.635,10
3.64,10
3.645,10
3.65,10
3.655,10
3.66,10
3.665,10
3.67,10
3.675,10
3.68,10
3.685,10
3.69,10
3.695,10
3.7,10
3.705,10
3.71,10
3.715,10
3.72,10
3.725,10
3.73,10
3.735,10
3.74,10
3.745,10
3.75,10
3.755,10
3.76,10
3.765,10
3.77,10
3.775,10
3.78,10
3.785,10
3.79,10
3.795,10
3.8,10
3.805,10
3.81,10
3.815,10
3.82,10
3.825,10
3.83,10
3.835,10
3.84,10
3.845,10
3.85,10
3.855,10
3.86,10
3.865,10
3.87,10
3.875,10
3.88,10
3.885,10
3.89,10
3.895,10
3.9,10
3.905,10
3.91,10
3.915,10
3.92,10
3.925,10
3.93,10
3.935,10
3.94,10
3.945,10
3.95,10
3.955,10
3.96,10
3.965,10
3.97,10
3.975,10
3.98,10
3.985,10
3.99,10
3.995,10
4,10
4.005,10
4.01,10
4.015,10
4.02,10
4.025,10
4.03,10
4.035,10
4.04,10
4.045,10
4.05,10
4.055,10
4.06,10
4.065,10
4.07,10
4.075,10
4.08,10
4.085,10
4.09,10
4.095,10
4.1,10
4.105,10
4.11,10
4.115,10
4.12,10
4.125,10
4.13,10
4.135,10
4.14,10
4.145,10
4.15,10
4.155,10
4.16,10
4.165,10
4.17,10
4.175,10
4.18,10
4.185,10
4.19,10
4.195,10
4.2,10
4.205,10
4.21,10
4.215,10
4.22,10
4.225,10
4.23,10
4.235,10
4.24,10
4.245,10
4.25,10
4.255,10
4.26,10
4.265,10
4.27,10
4.275,10
4.28,10
4.285,10
4.29,10
4.295,10
4.3,10
4.305,10
4.31,10
4.315,10
4.32,10
4.325,10
4.33,10
4.335,10
4.34,10
4.345,10
4.35,10
4.355,10
4.36,10
4.365,10
4.37,10
4.375,10
4.38,10
4.385,10
4.39,10
4.395,10
4.4,10
4.405,10
4.41,10
4.415,10
4.42,10
4.425,10
4.43,10
4.435,10
4.44,10
4.445,10
4.45,10
4.455,10
4.46,10
4.465,10
4.47,10
4.475,10
4.48,10
4.485,10
4.49,10
4.495,10
4.5,10
4.505,10
4.51,10
4.515,10
4.52,10
4.525,10
4.53,10
4.535,10
4.54,10
4.545,10
4.55,10
4.555,10
4.56,10
4.565,10
4.57,10
4.575,10
4.58,10
4.585,10
4.59,10
4.595,10
4.6,10
4.605,10
4.61,10
4.615,10
4.62,10
4.625,10
4.63,10
4.635,10
4.64,10
4.645,10
4.65,10
4.655,10
4.66,10
4.665,10
4.67,10
4.675,10
4.68,10
4.685,10
4.69,10
4.695,10
4.7,10
4.705,10
4.71,10
4.715,10
4.72,10
4.725,10
4.73,10
4.735,10
4.74,10
4.745,10
4.75,10
4.755,10
4.76,10
4.765,10
4.77,10
4.775,10
4.78,10
4.785,10
4.79,10
4.795,10
4.8,10
4.805,10
4.81,10
4.815,10
4.82,10
4.825,10
4.83,10
4.835,10
4.84,10
4.845,10
4.85,10
4.855,10
4.86,10
4.865,10
4.87,10
4.875,10
4.88,10
4.885,10
4.89,10
4.895,10
4.9,10
4.905,10
4.91,10
4.915,10
4.92,10
4.925,10
4.93,10
4.935,10
4.94,10
4.945,10
4.95,10
4.955,10
4.96,10
4.965,10
4.97,10
4.975,10
4.98,10
4.985,10
4.99,10
4.995,10
5,10
5.005,10
5.01,10
5.015,10
5.02,10
5.025,10
5.03,10
5.035,10
5.04,10
5.045,10
5.05,10
5.055,10
5.06,10
5.065,10
5.07,10
5.075,10
5.08,10
5.085,10
5.09,10
5.095,10
5.1,10
5.105,10
5.11,10
5.115,10
5.12,10
5.125,10
5.13,10
5.135,10
5.14,10
5.145,10
5.15,10
5.155,10
5.16,10
5.165,10
5.17,10
5.175,10
5.18,10
5.185,10
5.19,10
5.195,10
5.2,10
5.205,10
5.21,10
5.215,10
5.22,10
5.225,10
5.23,10
5.235,10
5.24,10
5.245,10
5.25,10
5.255,10
5.26,10
5.265,10
5.27,10
5.275,10
5.28,10
5.285,10
5.29,10
5.295,10
5.3,10
5.305,10
5.31,10
5.315,10
5.32,10
5.325,10
5.33,10
5.335,10
5.34,10
5.345,10
5.35,10
5.355,10
5.36,10
5.365,10
5.37,10
5.375,10
5.38,10
5.385,10
5.39,10
5.395,10
5.4,10
5.405,10
5.41,10
5.415,10
5.42,10
5.425,10
5.43,10
5.435,10
5.44,10
5.445,10
5.45,10
5.455,10
5.46,10
5.465,10
5.47,10
5.475,10
5.48,10
5.485,10
5.49,10
5.495,10
5.5,10
5.505,10
5.51,10
5.515,10
5.52,10
5.525,10
5.53,10
5.535,10
5.54,10
5.545,10
5.55,10
5.555,10
5.56,10
5.565,10
5.57,10
5.575,10
5.58,10
5.585,10
5.59,10
5.595,10
5.6,10
5.605,10
5.61,10
5.615,10
5.62,10
5.625,10
5.63,10
5.635,10
5.64,10
5.645,10
5.65,10
5.655,10
5.66,10
5.665,10
5.67,10
5.675,10
5.68,10
5.685,10
5.69,10
5.695,10
5.7,10
5.705,10
5.71,10
5.715,10
5.72,10
5.725,10
5.73,10
5.735,10
5.74,10
5.745,10
5.75,10
5.755,10
5.76,10
5.765,10
5.77,10
5.775,10
5.78,10
5.785,10
5.79,10
5.795,10
5.8,10
5.805,10
5.81,10
5.815,10
5.82,10
5.825,10
5.83,10
5.835,10
5.84,10
5.845,10
5.85,10
5.855,10
5.86,10
5.865,10
5.87,10
5.875,10
5.88,10
5.885,10
5.89,10
5.895,10
5.9,10
5.905,10
5.91,10
5.915,10
5.92,10
5.925,10
5.93,10
5.935,10
5.94,10
5.945,10
5.95,10
5.955,10
5.96,10
5.965,10
5.97,10
5.975,10
5.98,10
5.985,10
5.99,10
5.995,10
6,10
6.005,10
6.01,10
6.015,10
6.02,10
6.025,10
6.03,10
6.035,10
6.04,10
6.045,10
6.05,10
6.055,10
6.06,10
6.065,10
6.07,10
6.075,10
6.08,10
6.085,10
6.09,10
6.095,10
6.1,10
6.105,10
