time_s,fusion_mode
0,8
0.005,8
0.01,8
0.015,8
0.02,8
0.025,8
0.03,8
0.035,8
0.04,8
0.045,8
0.05,8
0.055,8
0.06,8
0.065,8
0.07,8
0.075,8
0.08,8
0.085,8
0.09,8
0.095,8
0.1,8
0.105,8
0.11,8
0.115,8
0.12,8
0.125,8
0.13,8
0.135,8
0.14,8
0.145,8
0.15,8
0.155,8
0.16,8
0.165,8
0.17,8
0.175,8
0.18,8
0.185,8
0.19,8
0.195,8
0.2,8
0.205,8
0.21,8
0.215,8
0.22,8
0.225,8
0.23,8
0.235,8
0.24,8
0.245,8
0.25,8
0.255,8
0.26,8
0.265,8
0.27,8
0.275,8
0.28,8
0.285,8
0.29,8
0.295,8
0.3,8
0.305,8
0.31,8
0.315,8
0.32,8
0.325,8
0.33,8
0.335,8
0.34,8
0.345,8
0.35,8
0.355,8
0.36,8
0.365,8
0.37,8
0.375,8
0.38,8
0.385,8
0.39,8
0.395,8
0.4,8
0.405,8
0.41,8
0.415,8
0.42,8
0.425,8
0.43,8
0.435,8
0.44,8
0.445,8
0.45,8
0.455,8
0.46,8
0.465,8
0.47,8
0.475,8
0.48,8
0.485,8
0.49,8
0.495,8
0.5,8
0.505,8
0.51,8
0.515,8
0.52,8
0.525,8
0.53,8
0.535,8
0.54,8
0.545,8
0.55,8
0.555,8
0.56,8
0.565,8
0.57,8
0.575,8
0.58,8
0.585,8
0.59,8
0.595,8
0.6,8
0.605,8
0.61,8
0.615,8
0.62,8
0.625,8
0.63,8
0.635,8
0.64,8
0.645,8
0.65,8
0.655,8
0.66,8
0.665,8
0.67,8
0.675,8
0.68,8
0.685,8
0.69,8
0.695,8
0.7,8
0.705,8
0.71,8
0.715,8
0.72,8
0.725,8
0.73,8
0.735,8
0.74,8
0.745,8
0.75,8
0.755,8
0.76,8
0.765,8
0.77,8
0.775,8
0.78,8
0.785,8
0.79,8
0.795,8
0.8,8
0.805,8
0.81,8
0.815,8
0.82,8
0.825,8
0.83,8
0.835,8
0.84,8
0.845,8
0.85,8
0.855,8
0.86,8
0.865,8
0.87,8
0.875,8
0.88,8
0.885,8
0.89,8
0.895,8
0.9,8
0.905,8
0.91,8
0.915,8
0.92,8
0.925,8
0.93,8
0.935,8
0.94,8
0.945,8
0.95,8
0.955,8
0.96,8
0.965,8
0.97,8
0.975,8
0.98,8
0.985,8
0.99,8
0.995,8
1,8
1.005,8
1.01,8
1.015,8
1.02,8
1.025,8
1.03,8
1.035,8
1.04,8
1.045,8
1.05,8
1.055,8
1.06,8
1.065,8
1.07,8
1.075,8
1.08,8
1.085,8
1.09,8
1.095,8
1.1,8
1.105,8
1.11,8
1.115,8
1.12,8
1.125,8
1.13,8
1.135,8
1.14,8
1.145,8
1.15,8
1.155,8
1.16,8
1.165,8
1.17,8
1.175,8
1.18,8
1.185,8
1.19,8
1.195,8
1.2,8
1.205,8
1.21,8
1.215,8
1.22,8
1.225,8
1.23,8
1.235,8
1.24,8
1.245,8
1.25,8
1.255,8
1.26,8
1.265,8
1.27,8
1.275,8
1.28,8
1.285,8
1.29,8
1.295,8
1.3,8
1.305,8
1.31,8
1.315,8
1.32,8
1.325,8
1.33,8
1.335,8
1.34,8
1.345,8
1.35,8
1.355,8
1.36,8
1.365,8
1.37,8
1.375,8
1.38,8
1.385,8
1.39,8
1.395,8
1.4,8
1.405,8
1.41,8
1.415,8
1.42,8
1.425,8
1.43,8
1.435,8
1.44,8
1.445,8
1.45,8
1.455,8
1.46,8
1.465,8
1.47,8
1.475,8
1.48,8
1.485,8
1.49,8
1.495,8
1.5,8
1.505,8
1.51,8
1.515,8
1.52,8
1.525,8
1.53,8
1.535,8
1.54,8
1.545,8
1.55,8
1.555,8
1.56,8
1.565,8
1.57,8
1.575,8
1.58,8
1.585,8
1.59,8
1.595,8
1.6,8
1.605,8
1.61,8
1.615,8
1.62,8
1.625,8
1.63,8
1.635,8
1.64,8
1.645,8
1.65,8
1.655,8
1.66,8
1.665,8
1.67,8
1.675,8
1.68,8
1.685,8
1.69,8
1.695,8
1.7,8
1.705,8
1.71,8
1.715,8
1.72,8
1.725,8
1.73,8
1.735,8
1.74,8
1.745,8
1.75,8
1.755,8
1.76,8
1.765,8
1.77,8
1.775,8
1.78,8
1.785,8
1.79,8
1.795,8
1.8,8
1.805,8
1.81,8
1.815,8
1.82,8
1.825,8
1.83,8
1.835,8
1.84,8
1.845,8
1.85,8
1.855,8
1.86,8
1.865,8
1.87,8
1.875,8
1.88,8
1.885,8
1.89,8
1.895,8
1.9,8
1.905,8
1.91,8
1.915,8
1.92,8
1.925,8
1.93,8
1.935,8
1.94,8
1.945,8
1.95,8
1.955,8
1.96,8
1.965,8
1.97,8
1.975,8
1.98,8
1.985,8
1.99,8
1.995,8
2,8
2.005,8
2.01,8
2.015,8
2.02,8
2.025,8
2.03,8
2.035,8
2.04,8
2.045,8
2.05,8
2.055,8
2.06,8
2.065,8
2.07,8
2.075,8
2.08,8
2.085,8
2.09,8
2.095,8
2.1,8
2.105,8
2.11,8
2.115,8
2.12,8
2.125,8
2.13,8
2.135,8
2.14,8
2.145,8
2.15,8
2.155,8
2.16,8
2.165,8
2.17,9
2.175,9
2.18,9
2.185,9
2.19,9
2.195,9
2.2,9
2.205,9
2.21,9
2.215,9
2.22,9
2.225,9
2.23,9
2.235,9
2.24,9
2.245,9
2.25,9
2.255,9
2.26,9
2.265,9
2.27,9
2.275,9
2.28,9
2.285,9
2.29,9
2.295,9
2.3,9
2.305,9
2.31,9
2.315,9
2.32,9
2.325,9
2.33,9
2.335,9
2.34,9
2.345,9
2.35,9
2.355,9
2.36,9
2.365,9
2.37,9
2.375,9
2.38,9
2.385,9
2.39,9
2.395,9
2.4,9
2.405,9
2.41,9
2.415,9
2.42,9
2.425,9
2.43,9
2.435,9
2.44,9
2.445,9
2.45,9
2.455,9
2.46,9
2.465,9
2.47,9
2.475,9
2.48,9
2.485,9
2.49,9
2.495,9
2.5,9
2.505,9
2.51,9
2.515,9
2.52,9
2.525,9
2.53,9
2.535,9
2.54,9
2.545,9
2.55,9
2.555,9
2.56,9
2.565,9
2.57,9
2.575,9
2.58,9
2.585,9
2.59,9
2.595,9
2.6,9
2.605,9
2.61,9
2.615,9
2.62,9
2.625,9
2.63,9
2.635,9
2.64,9
2.645,9
2.65,9
2.655,9
2.66,9
2.665,9
2.67,9
2.675,9
2.68,9
2.685,9
2.69,9
2.695,9
2.7,9
2.705,9
2.71,9
2.715,9
2.72,9
2.725,9
2.73,9
2.735,9
2.74,9
2.745,9
2.75,9
2.755,9
2.76,9
2.765,9
2.77,9
2.775,9
2.78,9
2.785,9
2.79,9
2.795,9
2.8,9
2.805,9
2.81,9
2.815,9
2.82,9
2.825,9
2.83,9
2.835,9
2.84,9
2.845,9
2.85,9
2.855,9
2.86,9
2.865,8
2.87,8
2.875,8
2.88,8
2.885,8
2.89,8
2.895,8
2.9,8
2.905,8
2.91,8
2.915,8
2.92,8
2.925,8
2.93,8
2.935,8
2.94,8
2.945,8
2.95,8
2.955,8
2.96,8
2.965,8
2.97,8
2.975,8
2.98,8
2.985,8
2.99,8
2.995,8
3,8
3.005,8
3.01,8
3.015,8
3.02,8
3.025,8
3.03,8
3.035,8
3.04,8
3.045,8
3.05,8
3.055,8
3.06,8
3.065,8
3.07,8
3.075,8
3.08,8
3.085,8
3.09,8
3.095,8
3.1,8
3.105,8
3.11,8
3.115,8
3.12,8
3.125,8
3.13,8
3.135,8
3.14,8
3.145,8
3.15,8
3.155,8
3.16,8
3.165,8
3.17,9
3.175,9
3.18,9
3.185,9
3.19,9
3.195,9
3.2,9
3.205,9
3.21,9
3.215,9
3.22,9
3.225,9
3.23,9
3.235,9
3.24,9
3.245,9
3.25,9
3.255,9
3.26,9
3.265,9
3.27,9
3.275,9
3.28,9
3.285,9
3.29,9
3.295,9
3.3,9
3.305,9
3.31,9
3.315,9
3.32,9
3.325,9
3.33,9
3.335,9
3.34,9
3.345,9
3.35,9
3.355,9
3.36,9
3.365,9
3.37,9
3.375,9
3.38,9
3.385,9
3.39,9
3.395,9
3.4,9
3.405,9
3.41,9
3.415,9
3.42,9
3.425,9
3.43,9
3.435,9
3.44,9
3.445,9
3.45,9
3.455,9
3.46,9
3.465,9
3.47,9
3.475,9
3.48,9
3.485,9
3.49,9
3.495,9
3.5,9
3.505,9
3.51,9
3.515,9
3.52,9
3.525,9
3.53,9
3.535,9
3.54,9
3.545,9
3.55,9
3.555,9
3.56,9
3.565,9
3.57,9
3.575,9
3.58,9
3.585,9
3.59,9
3.595,9
3.6,9
3.605,9
3.61,9
3.615,9
3.62,9
3.625,9
3.63,9
3.635,9
3.64,9
3.645,9
3.65,9
3.655,9
3.66,9
3.665,9
3.67,9
3.675,9
3.68,9
3.685,9
3.69,9
3.695,9
3.7,9
3.705,9
3.71,9
3.715,9
3.72,9
3.725,9
3.73,9
3.735,9
3.74,9
3.745,9
3.75,9
3.755,9
3.76,9
3.765,9
3.77,9
3.775,9
3.78,9
3.785,9
3.79,9
3.795,9
3.8,9
3.805,9
3.81,9
3.815,9
3.82,9
3.825,9
3.83,9
3.835,9
3.84,9
3.845,9
3.85,9
3.855,9
3.86,9
3.865,9
3.87,9
3.875,8
3.88,8
3.885,8
3.89,8
3.895,8
3.9,8
3.905,8
3.91,8
3.915,8
3.92,8
3.925,8
3.93,8
3.935,8
3.94,8
3.945,8
3.95,8
3.955,8
3.96,8
3.965,8
3.97,8
3.975,8
3.98,8
3.985,8
3.99,8
3.995,8
4,8
4.005,8
4.01,8
4.015,8
4.02,8
4.025,8
4.03,8
4.035,8
4.04,8
4.045,8
4.05,8
4.055,8
4.06,8
4.065,8
4.07,8
4.075,8
4.08,8
4.085,8
4.09,8
4.095,8
4.1,8
4.105,8
4.11,8
4.115,8
4.12,8
4.125,8
4.13,8
4.135,8
4.14,8
4.145,8
4.15,8
4.155,8
4.16,8
4.165,8
4.17,8
4.175,8
4.18,8
4.185,8
4.19,8
4.195,8
4.2,8
4.205,8
4.21,8
4.215,8
4.22,8
4.225,8
4.23,8
4.235,8
4.24,8
4.245,8
4.25,8
4.255,8
4.26,8
4.265,8
4.27,8
4.275,8
4.28,8
4.285,8
4.29,8
4.295,8
4.3,8
4.305,8
4.31,8
4.315,8
4.32,8
4.325,8
4.33,8
4.335,8
4.34,8
4.345,8
4.35,8
4.355,8
4.36,8
4.365,8
4.37,8
4.375,8
4.38,8
4.385,8
4.39,8
4.395,8
4.4,8
4.405,8
4.41,8
4.415,8
4.42,8
4.425,8
4.43,8
4.435,8
4.44,8
4.445,8
4.45,8
4.455,8
4.46,8
4.465,8
4.47,8
4.475,8
4.48,8
4.485,8
4.49,8
4.495,8
4.5,8
4.505,8
4.51,8
4.515,8
4.52,8
4.525,8
4.53,8
4.535,8
4.54,8
4.545,8
4.55,8
4.555,8
4.56,8
4.565,8
4.57,8
4.575,8
4.58,8
4.585,8
4.59,8
4.595,8
4.6,8
4.605,8
4.61,8
4.615,8
4.62,8
4.625,8
4.63,8
4.635,8
4.64,8
4.645,8
4.65,8
4.655,8
4.66,8
4.665,8
4.67,8
4.675,8
4.68,8
4.685,8
4.69,8
4.695,8
4.7,8
4.705,8
4.71,8
4.715,8
4.72,8
4.725,8
4.73,8
4.735,8
4.74,8
4.745,8
4.75,8
4.755,8
4.76,8
4.765,8
4.77,8
4.775,8
4.78,8
4.785,8
4.79,8
4.795,8
4.8,8
4.805,8
4.81,8
4.815,8
4.82,8
4.825,8
4.83,8
4.835,8
4.84,8
4.845,8
4.85,8
4.855,8
4.86,8
4.865,8
4.87,8
4.875,8
4.88,8
4.885,8
4.89,8
4.895,8
4.9,8
4.905,8
4.91,8
4.915,8
4.92,8
4.925,8
4.93,8
4.935,8
4.94,8
4.945,8
4.95,8
4.955,8
4.96,8
4.965,8
4.97,8
4.975,8
4.98,8
4.985,8
4.99,8
4.995,8
5,8
5.005,8
5.01,8
5.015,8
5.02,8
5.025,8
5.03,8
5.035,8
5.04,8
5.045,8
5.05,8
5.055,8
5.06,8
5.065,8
5.07,8
5.075,8
5.08,8
5.085,8
5.09,8
5.095,8
5.1,8
5.105,8
5.11,8
5.115,8
5.12,8
5.125,8
5.13,8
5.135,8
5.14,8
5.145,8
5.15,8
5.155,8
5.16,8
5.165,8
5.17,8
5.175,8
5.18,8
5.185,8
5.19,8
5.195,8
5.2,8
5.205,8
5.21,8
5.215,8
5.22,8
5.225,8
5.23,8
5.235,8
5.24,8
5.245,8
5.25,8
5.255,8
5.26,8
5.265,8
5.27,8
5.275,8
5.28,8
5.285,8
5.29,8
5.295,8
5.3,8
5.305,8
5.31,8
5.315,8
5.32,8
5.325,8
5.33,8
5.335,8
5.34,8
5.345,8
5.35,8
5.355,8
5.36,8
5.365,8
5.37,8
5.375,8
5.38,8
5.385,8
5.39,8
5.395,8
5.4,8
5.405,8
5.41,8
5.415,8
5.42,8
5.425,8
5.43,8
5.435,8
5.44,8
5.445,8
5.45,8
5.455,8
5.46,8
5.465,8
5.47,8
5.475,8
5.48,8
5.485,8
5.49,8
5.495,8
5.5,8
5.505,8
5.51,8
5.515,8
5.52,8
5.525,8
5.53,8
5.535,8
5.54,8
5.545,8
5.55,8
5.555,8
5.56,8
5.565,8
5.57,8
5.575,8
5.58,8
5.585,8
5.59,8
5.595,8
5.6,8
5.605,8
5.61,8
5.615,8
5.62,8
5.625,8
5.63,8
5.635,8
5.64,8
5.645,8
5.65,8
5.655,8
5.66,8
5.665,8
5.67,8
5.675,8
5.68,8
5.685,8
5.69,8
5.695,8
5.7,8
5.705,8
5.71,8
5.715,8
5.72,8
5.725,8
5.73,8
5.735,8
5.74,8
5.745,8
5.75,8
5.755,8
5.76,8
5.765,8
5.77,8
5.775,8
5.78,8
5.785,8
5.79,8
5.795,8
5.8,8
5.805,8
5.81,8
5.815,8
5.82,8
5.825,8
5.83,8
5.835,8
5.84,8
5.845,8
5.85,8
5.855,8
